DEBUG	

Sdk (SDK empty)
AccessConflict (SDK empty)
ConflictMonitorCreateRequest (NotificationConfig: NotificationConfig, description: string, displayName: string)
 NotificationConfig (EmailNotifications: EmailNotifications, SlackNotifications: SlackNotifications)
  EmailNotifications (enabled: boolean, identityUserIds: array)
  SlackNotifications (channelId: string, channelName: string, enabled: boolean)
C1ApiAccessconflictV1AccessConflictServiceCreateMonitorResponse (ConflictMonitor: ConflictMonitor, ContentType: string, StatusCode: int32 ...)
 ConflictMonitor (NotificationConfig: NotificationConfig, createdAt: date-time, deletedAt: date-time ...)
Security (bearerAuth: string, oauth: string)
C1ApiAccessconflictV1AccessConflictServiceDeleteMonitorRequest (ConflictMonitorDeleteRequest: ConflictMonitorDeleteRequest, id: string)
 ConflictMonitorDeleteRequest (empty)
C1ApiAccessconflictV1AccessConflictServiceDeleteMonitorResponse (ConflictMonitorDeleteResponse: ConflictMonitorDeleteResponse, ContentType: string, StatusCode: int32 ...)
 ConflictMonitorDeleteResponse (empty)
C1ApiAccessconflictV1AccessConflictServiceGetMonitorRequest (id: string)
C1ApiAccessconflictV1AccessConflictServiceGetMonitorResponse (ConflictMonitor: ConflictMonitor, ContentType: string, StatusCode: int32 ...)
C1ApiAccessconflictV1AccessConflictServiceUpdateMonitorRequest (ConflictMonitorUpdateRequest: ConflictMonitorUpdateRequest, id: string)
 ConflictMonitorUpdateRequest (NotificationConfig: NotificationConfig, description: string, displayName: string)
C1ApiAccessconflictV1AccessConflictServiceUpdateMonitorResponse (ConflictMonitor: ConflictMonitor, ContentType: string, StatusCode: int32 ...)
AppEntitlementMonitorBinding (SDK empty)
CreateAppEntitlementMonitorBindingRequest (appEntitlementId: string, appId: string, entitlementGroup: enum ...)
 CreateAppEntitlementMonitorBindingRequestEntitlementGroup (enum: ENTITLEMENT_GROUP_UNSPECIFIED, ENTITLEMENT_GROUP_A, ENTITLEMENT_GROUP_B)
C1ApiAccessconflictV1AppEntitlementMonitorBindingServiceCreateAppEntitlementMonitorBindingResponse (AppEntitlementMonitorBinding: AppEntitlementMonitorBinding, ContentType: string, StatusCode: int32 ...)
 AppEntitlementMonitorBinding (appEntitlementId: string, appId: string, createdAt: date-time ...)
  EntitlementGroup (enum: ENTITLEMENT_GROUP_UNSPECIFIED, ENTITLEMENT_GROUP_A, ENTITLEMENT_GROUP_B)
DeleteAppEntitlementMonitorBindingRequest (appEntitlementId: string, appId: string, entitlementGroup: enum ...)
 DeleteAppEntitlementMonitorBindingRequestEntitlementGroup (enum: ENTITLEMENT_GROUP_UNSPECIFIED, ENTITLEMENT_GROUP_A, ENTITLEMENT_GROUP_B)
C1ApiAccessconflictV1AppEntitlementMonitorBindingServiceDeleteAppEntitlementMonitorBindingResponse (ContentType: string, DeleteAppEntitlementMonitorBindingResponse: DeleteAppEntitlementMonitorBindingResponse, StatusCode: int32 ...)
 DeleteAppEntitlementMonitorBindingResponse (empty)
GetAppEntitlementMonitorBindingRequest (appEntitlementId: string, appId: string, entitlementGroup: enum ...)
 GetAppEntitlementMonitorBindingRequestEntitlementGroup (enum: ENTITLEMENT_GROUP_UNSPECIFIED, ENTITLEMENT_GROUP_A, ENTITLEMENT_GROUP_B)
C1ApiAccessconflictV1AppEntitlementMonitorBindingServiceGetAppEntitlementMonitorBindingResponse (AppEntitlementMonitorBinding: AppEntitlementMonitorBinding, ContentType: string, StatusCode: int32 ...)
Apps (SDK empty)
CreateAppRequest (certifyPolicyId: string, description: string, displayName: string ...)
 CreateAppRequestIdentityMatching (enum: APP_USER_IDENTITY_MATCHING_UNSPECIFIED, APP_USER_IDENTITY_MATCHING_STRICT, APP_USER_IDENTITY_MATCHING_DISPLAY_NAME)
C1ApiAppV1AppsCreateResponse (ContentType: string, CreateAppResponse: CreateAppResponse, StatusCode: int32 ...)
 CreateAppResponse (App: App)
  App (appAccountId: string, appAccountName: string, appOwners: array ...)
    User (createdAt: date-time, delegatedUserId: string, deletedAt: date-time ...)
      UserAttributeMappingSource (appId: string, appUserId: string, appUserProfileAttributeKey: string ...)
     DirectoryStatus (enum: UNKNOWN, ENABLED, DISABLED ...)
     UserStatus (enum: UNKNOWN, ENABLED, DISABLED ...)
     Type (enum: USER_TYPE_UNSPECIFIED, USER_TYPE_SYSTEM, USER_TYPE_HUMAN ...)
   IdentityMatching (enum: APP_USER_IDENTITY_MATCHING_UNSPECIFIED, APP_USER_IDENTITY_MATCHING_STRICT, APP_USER_IDENTITY_MATCHING_DISPLAY_NAME)
C1ApiAppV1AppsDeleteRequest (DeleteAppRequest: DeleteAppRequest, id: string)
 DeleteAppRequest (empty)
C1ApiAppV1AppsDeleteResponse (ContentType: string, DeleteAppResponse: DeleteAppResponse, StatusCode: int32 ...)
 DeleteAppResponse (empty)
C1ApiAppV1AppsGetRequest (id: string)
C1ApiAppV1AppsGetResponse (ContentType: string, GetAppResponse: GetAppResponse, StatusCode: int32 ...)
 GetAppResponse (App: App)
C1ApiAppV1AppsListRequest (page_size: int32, page_token: string)
C1ApiAppV1AppsListResponse (ContentType: string, ListAppsResponse: ListAppsResponse, StatusCode: int32 ...)
 ListAppsResponse (list: array, nextPageToken: string)
C1ApiAppV1AppsUpdateRequest (UpdateAppRequest: UpdateAppRequest, id: string)
 UpdateAppRequest (App: App_input, updateMask: string)
  AppInput (certifyPolicyId: string, connectorVersion: integer, defaultRequestCatalogId: string ...)
C1ApiAppV1AppsUpdateResponse (ContentType: string, StatusCode: int32, RawResponse: response ...)
 UpdateAppResponse (App: App)
Connector (SDK empty)
C1ApiAppV1ConnectorServiceConfirmSyncValidRequest (ConfirmSyncValidRequest: ConfirmSyncValidRequest, app_id: string, connector_id: string ...)
 ConfirmSyncValidRequest (empty)
C1ApiAppV1ConnectorServiceConfirmSyncValidResponse (ConfirmSyncValidResponse: ConfirmSyncValidResponse, ContentType: string, StatusCode: int32 ...)
 ConfirmSyncValidResponse (empty)
C1ApiAppV1ConnectorServiceCreateRequest (ConnectorServiceCreateRequest: ConnectorServiceCreateRequest, app_id: string)
 ConnectorServiceCreateRequest (ConnectorExpandMask: ConnectorExpandMask, catalogId: string, config: class ...)
  ConnectorExpandMask (paths: array)
  ConnectorServiceCreateRequestConfig (@type: string, AdditionalProperties: map)
C1ApiAppV1ConnectorServiceCreateResponse (ConnectorServiceCreateResponse: ConnectorServiceCreateResponse, ContentType: string, StatusCode: int32 ...)
 ConnectorServiceCreateResponse (ConnectorView: ConnectorView, expanded: array)
  ConnectorView (Connector: Connector, appPath: string, capabilitiesPath: string ...)
   Connector (ConnectorStatus: ConnectorStatus, OAuth2AuthorizedAs: OAuth2AuthorizedAs, SyncConfig: SyncConfig ...)
    ConnectorStatus (completedAt: date-time, lastError: string, startedAt: date-time ...)
     ConnectorStatusStatus (enum: SYNC_STATUS_UNSPECIFIED, SYNC_STATUS_RUNNING, SYNC_STATUS_DONE ...)
    OAuth2AuthorizedAs (authEmail: string, authorizedAt: date-time)
    SyncConfig (syncResourceTypeIds: array)
    Config (@type: string, AdditionalProperties: map)
   ConnectorServiceCreateResponseExpanded (@type: string, AdditionalProperties: map)
C1ApiAppV1ConnectorServiceCreateDelegatedRequest (ConnectorServiceCreateDelegatedRequest: ConnectorServiceCreateDelegatedRequest, app_id: string)
 ConnectorServiceCreateDelegatedRequest (AppManagedStateBindingRef: AppManagedStateBindingRef, ConnectorExpandMask: ConnectorExpandMask, catalogId: string ...)
  AppManagedStateBindingRef (appId: string, resourceId: string, resourceTypeId: string)
C1ApiAppV1ConnectorServiceCreateDelegatedResponse (ConnectorServiceCreateResponse: ConnectorServiceCreateResponse, ContentType: string, StatusCode: int32 ...)
C1ApiAppV1ConnectorServiceDeleteRequest (ConnectorServiceDeleteRequest: ConnectorServiceDeleteRequest, app_id: string, id: string)
 ConnectorServiceDeleteRequest (empty)
C1ApiAppV1ConnectorServiceDeleteResponse (ConnectorServiceDeleteResponse: ConnectorServiceDeleteResponse, ContentType: string, StatusCode: int32 ...)
 ConnectorServiceDeleteResponse (empty)
C1ApiAppV1ConnectorServiceForceSyncRequest (ForceSyncRequest: ForceSyncRequest, app_id: string, connector_id: string)
 ForceSyncRequest (empty)
C1ApiAppV1ConnectorServiceForceSyncResponse (ContentType: string, ForceSyncResponse: ForceSyncResponse, StatusCode: int32 ...)
 ForceSyncResponse (empty)
C1ApiAppV1ConnectorServiceGetRequest (app_id: string, id: string)
C1ApiAppV1ConnectorServiceGetResponse (ConnectorServiceGetResponse: ConnectorServiceGetResponse, ContentType: string, StatusCode: int32 ...)
 ConnectorServiceGetResponse (ConnectorView: ConnectorView, expanded: array)
   ConnectorServiceGetResponseExpanded (@type: string, AdditionalProperties: map)
C1ApiAppV1ConnectorServiceGetCredentialsRequest (app_id: string, connector_id: string, id: string)
C1ApiAppV1ConnectorServiceGetCredentialsResponse (ConnectorServiceGetCredentialsResponse: ConnectorServiceGetCredentialsResponse, ContentType: string, StatusCode: int32 ...)
 ConnectorServiceGetCredentialsResponse (ConnectorCredential: ConnectorCredential)
  ConnectorCredential (appId: string, clientId: string, clientSecret: string ...)
C1ApiAppV1ConnectorServiceListRequest (app_id: string, page_size: int32, page_token: string)
C1ApiAppV1ConnectorServiceListResponse (ConnectorServiceListResponse: ConnectorServiceListResponse, ContentType: string, StatusCode: int32 ...)
 ConnectorServiceListResponse (expanded: array, list: array, nextPageToken: string)
   ConnectorServiceListResponseExpanded (@type: string, AdditionalProperties: map)
C1ApiAppV1ConnectorServicePauseSyncRequest (PauseSyncRequest: PauseSyncRequest, app_id: string, connector_id: string)
 PauseSyncRequest (empty)
C1ApiAppV1ConnectorServicePauseSyncResponse (ContentType: string, PauseSyncResponse: PauseSyncResponse, StatusCode: int32 ...)
 PauseSyncResponse (empty)
C1ApiAppV1ConnectorServiceResumeSyncRequest (ResumeSyncRequest: ResumeSyncRequest, app_id: string, connector_id: string)
 ResumeSyncRequest (empty)
C1ApiAppV1ConnectorServiceResumeSyncResponse (ContentType: string, ResumeSyncResponse: ResumeSyncResponse, StatusCode: int32 ...)
 ResumeSyncResponse (empty)
C1ApiAppV1ConnectorServiceRevokeCredentialRequest (ConnectorServiceRevokeCredentialRequest: ConnectorServiceRevokeCredentialRequest, app_id: string, connector_id: string ...)
 ConnectorServiceRevokeCredentialRequest (empty)
C1ApiAppV1ConnectorServiceRevokeCredentialResponse (ConnectorServiceRevokeCredentialResponse: ConnectorServiceRevokeCredentialResponse, ContentType: string, StatusCode: int32 ...)
 ConnectorServiceRevokeCredentialResponse (empty)
ConnectorServiceRotateCredentialRequest (appId: string, connectorId: string)
C1ApiAppV1ConnectorServiceRotateCredentialResponse (ConnectorServiceRotateCredentialResponse: ConnectorServiceRotateCredentialResponse, ContentType: string, StatusCode: int32 ...)
 ConnectorServiceRotateCredentialResponse (ConnectorCredential: ConnectorCredential)
C1ApiAppV1ConnectorServiceUpdateRequest (ConnectorServiceUpdateRequest: ConnectorServiceUpdateRequest, app_id: string, id: string)
 ConnectorServiceUpdateRequest (Connector: Connector_input, ConnectorExpandMask: ConnectorExpandMask, updateMask: string)
  ConnectorInput (ConnectorStatus: ConnectorStatus, OAuth2AuthorizedAs: OAuth2AuthorizedAs_input, SyncConfig: SyncConfig ...)
   OAuth2AuthorizedAsInput (empty)
C1ApiAppV1ConnectorServiceUpdateResponse (ConnectorServiceUpdateResponse: ConnectorServiceUpdateResponse, ContentType: string, StatusCode: int32 ...)
 ConnectorServiceUpdateResponse (ConnectorView: ConnectorView, expanded: array)
   ConnectorServiceUpdateResponseExpanded (@type: string, AdditionalProperties: map)
C1ApiAppV1ConnectorServiceUpdateDelegatedRequest (ConnectorServiceUpdateDelegatedRequest: ConnectorServiceUpdateDelegatedRequest, connector_app_id: string, connector_id: string)
 ConnectorServiceUpdateDelegatedRequest (Connector: Connector_input, ConnectorExpandMask: ConnectorExpandMask, updateMask: string)
C1ApiAppV1ConnectorServiceUpdateDelegatedResponse (ConnectorServiceUpdateResponse: ConnectorServiceUpdateResponse, ContentType: string, StatusCode: int32 ...)
EditorValidateRequest (text: string)
C1ApiAppV1ConnectorServiceValidateHttpConnectorConfigResponse (ContentType: string, EditorValidateResponse: EditorValidateResponse, StatusCode: int32 ...)
 EditorValidateResponse (markers: array)
   EditorMarker (endColumn: int32, endLineNumber: int32, message: string ...)
    Severity (enum: UNKNOWN, HINT, INFO ...)
AppAccessRequestsDefaults (SDK empty)
C1ApiAppV1AppAccessRequestsDefaultsServiceCancelAppAccessRequestsDefaultsRequest (CancelAccessRequestDefaultsRequest: CancelAccessRequestDefaultsRequest, app_id: string)
 CancelAccessRequestDefaultsRequest (empty)
C1ApiAppV1AppAccessRequestsDefaultsServiceCancelAppAccessRequestsDefaultsResponse (AppAccessRequestDefaults: AppAccessRequestDefaults, ContentType: string, StatusCode: int32 ...)
 AppAccessRequestDefaults (appId: string, catalogIds: array, defaultsEnabled: boolean ...)
  DurationUnset (empty)
  State (enum: APP_ACCESS_REQUEST_DEFAULTS_LAST_APPLY_STATE_UNSPECIFIED, APP_ACCESS_REQUEST_DEFAULTS_LAST_APPLY_STATE_RUNNING, APP_ACCESS_REQUEST_DEFAULTS_LAST_APPLY_STATE_SUCCESS ...)
C1ApiAppV1AppAccessRequestsDefaultsServiceCreateAppAccessRequestsDefaultsRequest (AppAccessRequestDefaults: AppAccessRequestDefaults1, app_id: string)
 AppAccessRequestDefaults1 (catalogIds: array, defaultsEnabled: boolean, durationGrant: string ...)
C1ApiAppV1AppAccessRequestsDefaultsServiceCreateAppAccessRequestsDefaultsResponse (AppAccessRequestDefaults: AppAccessRequestDefaults, ContentType: string, StatusCode: int32 ...)
C1ApiAppV1AppAccessRequestsDefaultsServiceGetAppAccessRequestsDefaultsRequest (app_id: string)
C1ApiAppV1AppAccessRequestsDefaultsServiceGetAppAccessRequestsDefaultsResponse (AppAccessRequestDefaults: AppAccessRequestDefaults, ContentType: string, StatusCode: int32 ...)
AppUser (SDK empty)
C1ApiAppV1AppUserServiceListRequest (app_id: string, page_size: int32, page_token: string)
C1ApiAppV1AppUserServiceListResponse (AppUserServiceListResponse: AppUserServiceListResponse, ContentType: string, StatusCode: int32 ...)
 AppUserServiceListResponse (expanded: array, list: array, nextPageToken: string)
   AppUserServiceListResponseExpanded (@type: string, AdditionalProperties: map)
   AppUserView (AppUser: AppUser, appPath: string, identityUserPath: string ...)
    AppUser (AppUserStatus: AppUserStatus, appId: string, appUserType: enum ...)
     AppUserStatus (details: string, status: enum)
      AppUserStatusStatus (enum: STATUS_UNSPECIFIED, STATUS_ENABLED, STATUS_DISABLED ...)
     AppUserType (enum: APP_USER_TYPE_UNSPECIFIED, APP_USER_TYPE_USER, APP_USER_TYPE_SERVICE_ACCOUNT ...)
C1ApiAppV1AppUserServiceListAppUserCredentialsRequest (app_id: string, app_user_id: string, page_size: int32 ...)
C1ApiAppV1AppUserServiceListAppUserCredentialsResponse (AppUserServiceListCredentialsResponse: AppUserServiceListCredentialsResponse, ContentType: string, StatusCode: int32 ...)
 AppUserServiceListCredentialsResponse (list: array, nextPageToken: string)
   AppUserCredential (EncryptedData: EncryptedData, appId: string, appUserId: string ...)
    EncryptedData (description: string, encryptedBytes: string, keyId: string ...)
C1ApiAppV1AppUserServiceListAppUsersForUserRequest (app_id: string, page_size: int32, page_token: string ...)
C1ApiAppV1AppUserServiceListAppUsersForUserResponse (AppUsersForUserServiceListResponse: AppUsersForUserServiceListResponse, ContentType: string, StatusCode: int32 ...)
 AppUsersForUserServiceListResponse (expanded: array, list: array, nextPageToken: string)
   AppUsersForUserServiceListResponseExpanded (@type: string, AdditionalProperties: map)
AppUserServiceSearchRequest (AppUserExpandMask: AppUserExpandMask, appId: string, appUserDomains: array ...)
 AppUserExpandMask (paths: array)
  AppUserDomains (enum: APP_USER_DOMAIN_UNSPECIFIED, APP_USER_DOMAIN_EXTERNAL, APP_USER_DOMAIN_TRUSTED)
  AppUserStatuses (enum: STATUS_UNSPECIFIED, STATUS_ENABLED, STATUS_DISABLED ...)
  AppUserTypes (enum: APP_USER_TYPE_UNSPECIFIED, APP_USER_TYPE_USER, APP_USER_TYPE_SERVICE_ACCOUNT ...)
  AppUserRef (appId: string, id: string)
C1ApiAppV1AppUserServiceSearchResponse (AppUserServiceSearchResponse: AppUserServiceSearchResponse, ContentType: string, StatusCode: int32 ...)
 AppUserServiceSearchResponse (expanded: array, list: array, nextPageToken: string)
   AppUserServiceSearchResponseExpanded (@type: string, AdditionalProperties: map)
C1ApiAppV1AppUserServiceUpdateRequest (AppUserServiceUpdateRequest: AppUserServiceUpdateRequest, app_user_app_id: string, app_user_id: string)
 AppUserServiceUpdateRequest (AppUser: AppUser_input, AppUserExpandMask: AppUserExpandMask, updateMask: string)
  AppUserInput (AppUserStatus: AppUserStatus_input, appUserType: enum)
   AppUserStatusInput (empty)
C1ApiAppV1AppUserServiceUpdateResponse (AppUserServiceUpdateResponse: AppUserServiceUpdateResponse, ContentType: string, StatusCode: int32 ...)
 AppUserServiceUpdateResponse (AppUserView: AppUserView, expanded: array)
   AppUserServiceUpdateResponseExpanded (@type: string, AdditionalProperties: map)
AppEntitlements (SDK empty)
C1ApiAppV1AppEntitlementsAddAutomationExclusionRequest (AddAutomationExclusionRequest: AddAutomationExclusionRequest, app_entitlement_id: string, app_id: string)
 AddAutomationExclusionRequest (userIds: array)
C1ApiAppV1AppEntitlementsAddAutomationExclusionResponse (AddAutomationExclusionResponse: AddAutomationExclusionResponse, ContentType: string, StatusCode: int32 ...)
 AddAutomationExclusionResponse (empty)
C1ApiAppV1AppEntitlementsAddManuallyManagedMembersRequest (AddManuallyManagedUsersRequest: AddManuallyManagedUsersRequest, app_entitlement_id: string, app_id: string)
 AddManuallyManagedUsersRequest (userIds: array)
C1ApiAppV1AppEntitlementsAddManuallyManagedMembersResponse (ContentType: string, ManuallyManagedUsersResponse: ManuallyManagedUsersResponse, StatusCode: int32 ...)
 ManuallyManagedUsersResponse (failedUsersErrorMap: map)
C1ApiAppV1AppEntitlementsCreateRequest (CreateAppEntitlementRequest: CreateAppEntitlementRequest, app_id: string)
 CreateAppEntitlementRequest (AppEntitlementExpandMask: AppEntitlementExpandMask, ProvisionPolicy: ProvisionPolicy_input, alias: string ...)
  AppEntitlementExpandMask (paths: array)
  ProvisionPolicyInput (ActionProvision: ActionProvision, ConnectorProvision: ConnectorProvision, DelegatedProvision: DelegatedProvision ...)
   ActionProvision (actionName: string, appId: string, connectorId: string ...)
   ConnectorProvision (AccountProvision: AccountProvision, DefaultBehavior: DefaultBehavior, DeleteAccount: DeleteAccount)
    AccountProvision (DoNotSave: DoNotSave, SaveToVault: SaveToVault, config: map ...)
     DoNotSave (empty)
     SaveToVault (vaultIds: array)
    DefaultBehavior (connectorId: string)
    DeleteAccount (connectorId: string)
   DelegatedProvision (appId: string, entitlementId: string, implicit: boolean)
   ExternalTicketProvision (appId: string, connectorId: string, externalTicketProvisionerConfigId: string ...)
   ManualProvision (instructions: string, userIds: array)
   MultiStep (provisionSteps: array)
     ProvisionPolicy (ActionProvision: ActionProvision, ConnectorProvision: ConnectorProvision, DelegatedProvision: DelegatedProvision ...)
      UnconfiguredProvision (empty)
      WebhookProvision (webhookId: string)
  CreateAppEntitlementRequestDurationUnset (empty)
  CreateAppEntitlementRequestPurpose (enum: APP_ENTITLEMENT_PURPOSE_VALUE_UNSPECIFIED, APP_ENTITLEMENT_PURPOSE_VALUE_ASSIGNMENT, APP_ENTITLEMENT_PURPOSE_VALUE_PERMISSION)
C1ApiAppV1AppEntitlementsCreateResponse (ContentType: string, CreateAppEntitlementResponse: CreateAppEntitlementResponse, StatusCode: int32 ...)
 CreateAppEntitlementResponse (AppEntitlementView: AppEntitlementView, expanded: array)
  AppEntitlementView (AppEntitlement: AppEntitlement, appPath: string, appResourcePath: string ...)
   AppEntitlement (ProvisionPolicy: ProvisionPolicy, ProvisionPolicy1: ProvisionPolicy, alias: string ...)
    AppEntitlementDurationUnset (empty)
    Purpose (enum: APP_ENTITLEMENT_PURPOSE_VALUE_UNSPECIFIED, APP_ENTITLEMENT_PURPOSE_VALUE_ASSIGNMENT, APP_ENTITLEMENT_PURPOSE_VALUE_PERMISSION)
   CreateAppEntitlementResponseExpanded (@type: string, AdditionalProperties: map)
C1ApiAppV1AppEntitlementsCreateAutomationRequest (CreateAutomationRequest: CreateAutomationRequest, app_entitlement_id: string, app_id: string)
 CreateAutomationRequest (AppEntitlementAutomation: AppEntitlementAutomation_input)
  AppEntitlementAutomationInput (AppEntitlementAutomationLastRunStatus: AppEntitlementAutomationLastRunStatus_input, AppEntitlementAutomationRuleBasic: AppEntitlementAutomationRuleBasic, AppEntitlementAutomationRuleCEL: AppEntitlementAutomationRuleCEL ...)
   AppEntitlementAutomationLastRunStatusInput (empty)
   AppEntitlementAutomationRuleBasic (expression: string)
   AppEntitlementAutomationRuleCel (expression: string)
   AppEntitlementAutomationRuleEntitlement (entitlementRefs: array)
     AppEntitlementRef (appId: string, id: string)
   AppEntitlementAutomationRuleNone (empty)
C1ApiAppV1AppEntitlementsCreateAutomationResponse (ContentType: string, CreateAutomationResponse: CreateAutomationResponse, StatusCode: int32 ...)
 CreateAutomationResponse (AppEntitlementAutomation: AppEntitlementAutomation)
  AppEntitlementAutomation (AppEntitlementAutomationLastRunStatus: AppEntitlementAutomationLastRunStatus, AppEntitlementAutomationRuleBasic: AppEntitlementAutomationRuleBasic, AppEntitlementAutomationRuleCEL: AppEntitlementAutomationRuleCEL ...)
   AppEntitlementAutomationLastRunStatus (errorMessage: string, lastCompletedAt: date-time, status: enum)
    AppEntitlementAutomationLastRunStatusStatus (enum: APP_ENTITLEMENT_AUTOMATION_RUN_STATUS_UNSPECIFIED, APP_ENTITLEMENT_AUTOMATION_RUN_STATUS_SUCCESS, APP_ENTITLEMENT_AUTOMATION_RUN_STATUS_FAILED ...)
C1ApiAppV1AppEntitlementsDeleteRequest (DeleteAppEntitlementRequest: DeleteAppEntitlementRequest, app_id: string, id: string)
 DeleteAppEntitlementRequest (empty)
C1ApiAppV1AppEntitlementsDeleteResponse (ContentType: string, DeleteAppEntitlementResponse: DeleteAppEntitlementResponse, StatusCode: int32 ...)
 DeleteAppEntitlementResponse (empty)
C1ApiAppV1AppEntitlementsDeleteAutomationRequest (DeleteAutomationRequest: DeleteAutomationRequest, app_entitlement_id: string, app_id: string)
 DeleteAutomationRequest (empty)
C1ApiAppV1AppEntitlementsDeleteAutomationResponse (ContentType: string, DeleteAutomationResponse: DeleteAutomationResponse, StatusCode: int32 ...)
 DeleteAutomationResponse (empty)
C1ApiAppV1AppEntitlementsGetRequest (app_id: string, id: string)
C1ApiAppV1AppEntitlementsGetResponse (ContentType: string, GetAppEntitlementResponse: GetAppEntitlementResponse, StatusCode: int32 ...)
 GetAppEntitlementResponse (AppEntitlementView: AppEntitlementView, expanded: array)
   GetAppEntitlementResponseExpanded (@type: string, AdditionalProperties: map)
C1ApiAppV1AppEntitlementsGetAutomationRequest (app_entitlement_id: string, app_id: string)
C1ApiAppV1AppEntitlementsGetAutomationResponse (AppEntitlementServiceGetAutomationResponse: AppEntitlementServiceGetAutomationResponse, ContentType: string, StatusCode: int32 ...)
 AppEntitlementServiceGetAutomationResponse (AppEntitlementAutomation: AppEntitlementAutomation)
C1ApiAppV1AppEntitlementsListRequest (app_id: string, page_size: int32, page_token: string)
C1ApiAppV1AppEntitlementsListResponse (ContentType: string, ListAppEntitlementsResponse: ListAppEntitlementsResponse, StatusCode: int32 ...)
 ListAppEntitlementsResponse (expanded: array, list: array, nextPageToken: string)
   ListAppEntitlementsResponseExpanded (@type: string, AdditionalProperties: map)
C1ApiAppV1AppEntitlementsListAutomationExclusionsRequest (app_entitlement_id: string, app_id: string)
C1ApiAppV1AppEntitlementsListAutomationExclusionsResponse (ContentType: string, ListAutomationExclusionsResponse: ListAutomationExclusionsResponse, StatusCode: int32 ...)
 ListAutomationExclusionsResponse (list: array, nextPageToken: string)
   UserWithAppEntitlementUserBindingView (User: User, appEntitlementId: string, appId: string ...)
C1ApiAppV1AppEntitlementsListForAppResourceRequest (app_id: string, app_resource_id: string, app_resource_type_id: string ...)
C1ApiAppV1AppEntitlementsListForAppResourceResponse (ContentType: string, ListAppEntitlementsResponse: ListAppEntitlementsResponse, StatusCode: int32 ...)
C1ApiAppV1AppEntitlementsListForAppUserRequest (app_id: string, app_user_id: string, page_size: int32 ...)
C1ApiAppV1AppEntitlementsListForAppUserResponse (ContentType: string, ListAppEntitlementsResponse: ListAppEntitlementsResponse, StatusCode: int32 ...)
C1ApiAppV1AppEntitlementsListUsersRequest (app_entitlement_id: string, app_id: string, page_size: int32 ...)
C1ApiAppV1AppEntitlementsListUsersResponse (ContentType: string, ListAppEntitlementUsersResponse: ListAppEntitlementUsersResponse, StatusCode: int32 ...)
 ListAppEntitlementUsersResponse (expanded: array, list: array, nextPageToken: string)
   ListAppEntitlementUsersResponseExpanded (@type: string, AdditionalProperties: map)
   AppEntitlementUserView (AppUserView: AppUserView, appEntitlementUserBindingCreatedAt: date-time, appEntitlementUserBindingDeprovisionAt: date-time ...)
C1ApiAppV1AppEntitlementsRemoveAutomationExclusionRequest (RemoveAutomationExclusionRequest: RemoveAutomationExclusionRequest, app_entitlement_id: string, app_id: string)
 RemoveAutomationExclusionRequest (userIds: array)
C1ApiAppV1AppEntitlementsRemoveAutomationExclusionResponse (ContentType: string, RemoveAutomationExclusionResponse: RemoveAutomationExclusionResponse, StatusCode: int32 ...)
 RemoveAutomationExclusionResponse (empty)
C1ApiAppV1AppEntitlementsRemoveEntitlementMembershipRequest (RemoveEntitlementMembershipRequest: RemoveEntitlementMembershipRequest, app_entitlement_id: string, app_id: string)
 RemoveEntitlementMembershipRequest (appUserId: string)
C1ApiAppV1AppEntitlementsRemoveEntitlementMembershipResponse (ContentType: string, RemoveEntitlementMembershipResponse: RemoveEntitlementMembershipResponse, StatusCode: int32 ...)
 RemoveEntitlementMembershipResponse (revokeTaskId: string)
C1ApiAppV1AppEntitlementsUpdateRequest (UpdateAppEntitlementRequest: UpdateAppEntitlementRequest, app_id: string, id: string)
 UpdateAppEntitlementRequest (AppEntitlement: AppEntitlement_input, AppEntitlementExpandMask: AppEntitlementExpandMask, overrideAccessRequestsDefaults: boolean ...)
  AppEntitlementInput (ProvisionPolicy: ProvisionPolicy_input, ProvisionPolicy1: ProvisionPolicy_input, alias: string ...)
C1ApiAppV1AppEntitlementsUpdateResponse (ContentType: string, StatusCode: int32, RawResponse: response ...)
 UpdateAppEntitlementResponse (AppEntitlementView: AppEntitlementView, expanded: array)
   UpdateAppEntitlementResponseExpanded (@type: string, AdditionalProperties: map)
C1ApiAppV1AppEntitlementsUpdateAutomationRequest (AppEntitlementServiceUpdateAutomationRequest: AppEntitlementServiceUpdateAutomationRequest, app_entitlement_id: string, app_id: string)
 AppEntitlementServiceUpdateAutomationRequest (AppEntitlementAutomationRuleBasic: AppEntitlementAutomationRuleBasic, AppEntitlementAutomationRuleCEL: AppEntitlementAutomationRuleCEL, AppEntitlementAutomationRuleEntitlement: AppEntitlementAutomationRuleEntitlement ...)
C1ApiAppV1AppEntitlementsUpdateAutomationResponse (AppEntitlementServiceUpdateAutomationResponse: AppEntitlementServiceUpdateAutomationResponse, ContentType: string, StatusCode: int32 ...)
 AppEntitlementServiceUpdateAutomationResponse (AppEntitlementAutomation: AppEntitlementAutomation)
AppEntitlementSearch (SDK empty)
AppEntitlementSearchServiceSearchRequest (AppEntitlementExpandMask: AppEntitlementExpandMask, accessReviewId: string, alias: string ...)
  MembershipType (enum: APP_ENTITLEMENT_MEMBERSHIP_TYPE_UNSPECIFIED, APP_ENTITLEMENT_MEMBERSHIP_TYPE_MEMBER, APP_ENTITLEMENT_MEMBERSHIP_TYPE_OWNER ...)
  PolicyRef (id: string)
C1ApiAppV1AppEntitlementSearchServiceSearchResponse (AppEntitlementSearchServiceSearchResponse: AppEntitlementSearchServiceSearchResponse, ContentType: string, StatusCode: int32 ...)
 AppEntitlementSearchServiceSearchResponse (Facets: Facets, expanded: array, list: array ...)
  Facets (count: integer, facets: array)
    FacetCategory (FacetRangeItem: FacetRangeItem, FacetValueItem: FacetValueItem, displayName: string ...)
     FacetRangeItem (ranges: array)
       FacetRange (count: integer, displayName: string, from: integer ...)
     FacetValueItem (values: array)
       FacetValue (count: integer, displayName: string, iconUrl: string ...)
   AppEntitlementSearchServiceSearchResponseExpanded (@type: string, AdditionalProperties: map)
C1ApiAppV1AppEntitlementSearchServiceSearchAppEntitlementsForAppUserRequest (app_id: string, app_user_id: string, page_size: int32 ...)
C1ApiAppV1AppEntitlementSearchServiceSearchAppEntitlementsForAppUserResponse (ContentType: string, ListAppEntitlementsResponse: ListAppEntitlementsResponse, StatusCode: int32 ...)
C1ApiAppV1AppEntitlementSearchServiceSearchAppEntitlementsWithExpiredRequest (app_entitlement_id: string, app_id: string, page_size: int32 ...)
C1ApiAppV1AppEntitlementSearchServiceSearchAppEntitlementsWithExpiredResponse (ContentType: string, SearchAppEntitlementsWithExpiredResponse: SearchAppEntitlementsWithExpiredResponse, StatusCode: int32 ...)
 SearchAppEntitlementsWithExpiredResponse (list: array, nextPageToken: string)
   AppEntitlementWithExpired (AppUser: AppUser, User: User, appEntitlementId: string ...)
     GrantReason (appEntitlementId: string, appId: string, appUserId: string ...)
      ReferenceStrength (enum: GRANT_REASON_REFERENCE_STRENGTH_UNSPECIFIED, GRANT_REASON_REFERENCE_STRENGTH_WEAK, GRANT_REASON_REFERENCE_STRENGTH_STRONG)
AppEntitlementSearchServiceSearchGrantsRequest (AppEntitlementExpandMask: AppEntitlementExpandMask, appIds: array, appUserIds: array ...)
C1ApiAppV1AppEntitlementSearchServiceSearchGrantsResponse (AppEntitlementSearchServiceSearchGrantsResponse: AppEntitlementSearchServiceSearchGrantsResponse, ContentType: string, StatusCode: int32 ...)
 AppEntitlementSearchServiceSearchGrantsResponse (expanded: array, list: array, nextPageToken: string)
   Expanded (@type: string, AdditionalProperties: map)
   AppEntitlementWithUserBinding (AppEntitlementUserView: AppEntitlementUserView, AppEntitlementView: AppEntitlementView)
AppEntitlementUserBinding (SDK empty)
C1ApiAppV1AppEntitlementUserBindingServiceListAppUsersForIdentityWithGrantRequest (app_entitlement_id: string, app_id: string, identity_user_id: string)
C1ApiAppV1AppEntitlementUserBindingServiceListAppUsersForIdentityWithGrantResponse (ContentType: string, ListAppUsersForIdentityWithGrantResponse: ListAppUsersForIdentityWithGrantResponse, StatusCode: int32 ...)
 ListAppUsersForIdentityWithGrantResponse (bindings: array)
   AppEntitlementUserBinding (appEntitlementId: string, appId: string, appUserId: string ...)
C1ApiAppV1AppEntitlementUserBindingServiceRemoveGrantDurationRequest (RemoveGrantDurationRequest: RemoveGrantDurationRequest, app_entitlement_id: string, app_id: string ...)
 RemoveGrantDurationRequest (empty)
C1ApiAppV1AppEntitlementUserBindingServiceRemoveGrantDurationResponse (ContentType: string, RemoveGrantDurationResponse: RemoveGrantDurationResponse, StatusCode: int32 ...)
 RemoveGrantDurationResponse (AppEntitlementUserBinding: AppEntitlementUserBinding)
SearchGrantFeedRequest (AppEntitlementUserBindingExpandHistoryMask: AppEntitlementUserBindingExpandHistoryMask, after: date-time, appEntitlementRefs: array ...)
 AppEntitlementUserBindingExpandHistoryMask (paths: array)
  AppRef (id: string)
  UserRef (id: string)
C1ApiAppV1AppEntitlementUserBindingServiceSearchGrantFeedResponse (ContentType: string, SearchGrantFeedResponse: SearchGrantFeedResponse, StatusCode: int32 ...)
 SearchGrantFeedResponse (expanded: array, list: array, nextPageToken: string)
   SearchGrantFeedResponseExpanded (@type: string, AdditionalProperties: map)
   AppEntitlementUserBindingFeedView (AppEntitlementUserBindingFeed: AppEntitlementUserBindingFeed, appPath: string, appUserPath: string ...)
    AppEntitlementUserBindingFeed (appEntitlementId: string, appId: string, appUserId: string ...)
     EventType (enum: GRANT_EVENT_TYPE_UNSPECIFIED, GRANT_EVENT_TYPE_ADDED, GRANT_EVENT_TYPE_REMOVED)
SearchPastGrantsRequest (AppEntitlementUserBindingExpandHistoryMask: AppEntitlementUserBindingExpandHistoryMask, appEntitlementRefs: array, appIds: array ...)
C1ApiAppV1AppEntitlementUserBindingServiceSearchPastGrantsResponse (ContentType: string, SearchPastGrantsResponse: SearchPastGrantsResponse, StatusCode: int32 ...)
 SearchPastGrantsResponse (expanded: array, list: array, nextPageToken: string)
   SearchPastGrantsResponseExpanded (@type: string, AdditionalProperties: map)
   AppEntitlementUserBindingHistoryView (AppEntitlementUserBindingHistory: AppEntitlementUserBindingHistory, appPath: string, appUserPath: string ...)
    AppEntitlementUserBindingHistory (appEntitlementId: string, appId: string, appUserId: string ...)
C1ApiAppV1AppEntitlementUserBindingServiceUpdateGrantDurationRequest (UpdateGrantDurationRequest: UpdateGrantDurationRequest, app_entitlement_id: string, app_id: string ...)
 UpdateGrantDurationRequest (newDeprovisionAt: date-time)
C1ApiAppV1AppEntitlementUserBindingServiceUpdateGrantDurationResponse (ContentType: string, StatusCode: int32, RawResponse: response ...)
 UpdateGrantDurationResponse (AppEntitlementUserBinding: AppEntitlementUserBinding)
AppEntitlementOwners (SDK empty)
C1ApiAppV1AppEntitlementOwnersAddRequest (AddAppEntitlementOwnerRequest: AddAppEntitlementOwnerRequest, app_id: string, entitlement_id: string)
 AddAppEntitlementOwnerRequest (userId: string)
C1ApiAppV1AppEntitlementOwnersAddResponse (AddAppEntitlementOwnerResponse: AddAppEntitlementOwnerResponse, ContentType: string, StatusCode: int32 ...)
 AddAppEntitlementOwnerResponse (empty)
C1ApiAppV1AppEntitlementOwnersDeleteRequest (DeleteAppEntitlementOwnersRequest: DeleteAppEntitlementOwnersRequest, app_id: string, entitlement_id: string)
 DeleteAppEntitlementOwnersRequest (empty)
C1ApiAppV1AppEntitlementOwnersDeleteResponse (ContentType: string, DeleteAppEntitlementOwnersResponse: DeleteAppEntitlementOwnersResponse, StatusCode: int32 ...)
 DeleteAppEntitlementOwnersResponse (empty)
C1ApiAppV1AppEntitlementOwnersListRequest (app_id: string, entitlement_id: string, page_size: int32 ...)
C1ApiAppV1AppEntitlementOwnersListResponse (ContentType: string, ListAppEntitlementOwnersResponse: ListAppEntitlementOwnersResponse, StatusCode: int32 ...)
 ListAppEntitlementOwnersResponse (list: array, nextPageToken: string)
C1ApiAppV1AppEntitlementOwnersListOwnerIDsRequest (app_id: string, entitlement_id: string)
C1ApiAppV1AppEntitlementOwnersListOwnerIDsResponse (ContentType: string, ListAppEntitlementOwnerIDsResponse: ListAppEntitlementOwnerIDsResponse, StatusCode: int32 ...)
 ListAppEntitlementOwnerIDsResponse (userIds: array)
C1ApiAppV1AppEntitlementOwnersRemoveRequest (RemoveAppEntitlementOwnerRequest: RemoveAppEntitlementOwnerRequest, app_id: string, entitlement_id: string ...)
 RemoveAppEntitlementOwnerRequest (empty)
C1ApiAppV1AppEntitlementOwnersRemoveResponse (ContentType: string, RemoveAppEntitlementOwnerResponse: RemoveAppEntitlementOwnerResponse, StatusCode: int32 ...)
 RemoveAppEntitlementOwnerResponse (empty)
C1ApiAppV1AppEntitlementOwnersSetRequest (SetAppEntitlementOwnersRequest: SetAppEntitlementOwnersRequest, app_id: string, entitlement_id: string)
 SetAppEntitlementOwnersRequest (userIds: array)
C1ApiAppV1AppEntitlementOwnersSetResponse (ContentType: string, SetAppEntitlementOwnersResponse: SetAppEntitlementOwnersResponse, StatusCode: int32 ...)
 SetAppEntitlementOwnersResponse (empty)
AppOwners (SDK empty)
C1ApiAppV1AppOwnersAddRequest (AddAppOwnerRequest: AddAppOwnerRequest, app_id: string, user_id: string)
 AddAppOwnerRequest (empty)
C1ApiAppV1AppOwnersAddResponse (AddAppOwnerResponse: AddAppOwnerResponse, ContentType: string, StatusCode: int32 ...)
 AddAppOwnerResponse (empty)
C1ApiAppV1AppOwnersDeleteRequest (DeleteAppOwnersRequest: DeleteAppOwnersRequest, app_id: string)
 DeleteAppOwnersRequest (userIds: array)
C1ApiAppV1AppOwnersDeleteResponse (ContentType: string, DeleteAppOwnersResponse: DeleteAppOwnersResponse, StatusCode: int32 ...)
 DeleteAppOwnersResponse (empty)
C1ApiAppV1AppOwnersListRequest (app_id: string, page_size: int32, page_token: string)
C1ApiAppV1AppOwnersListResponse (ContentType: string, ListAppOwnersResponse: ListAppOwnersResponse, StatusCode: int32 ...)
 ListAppOwnersResponse (list: array, nextPageToken: string)
C1ApiAppV1AppOwnersListOwnerIDsRequest (app_id: string)
C1ApiAppV1AppOwnersListOwnerIDsResponse (ContentType: string, ListAppOwnerIDsResponse: ListAppOwnerIDsResponse, StatusCode: int32 ...)
 ListAppOwnerIDsResponse (userIds: array)
C1ApiAppV1AppOwnersRemoveRequest (RemoveAppOwnerRequest: RemoveAppOwnerRequest, app_id: string, user_id: string)
 RemoveAppOwnerRequest (empty)
C1ApiAppV1AppOwnersRemoveResponse (ContentType: string, RemoveAppOwnerResponse: RemoveAppOwnerResponse, StatusCode: int32 ...)
 RemoveAppOwnerResponse (empty)
C1ApiAppV1AppOwnersSetRequest (SetAppOwnersRequest: SetAppOwnersRequest, app_id: string)
 SetAppOwnersRequest (userIds: array)
C1ApiAppV1AppOwnersSetResponse (ContentType: string, SetAppOwnersResponse: SetAppOwnersResponse, StatusCode: int32 ...)
 SetAppOwnersResponse (empty)
AppReport (SDK empty)
C1ApiAppV1AppReportServiceListRequest (app_id: string, page_size: int32, page_token: string)
C1ApiAppV1AppReportServiceListResponse (AppReportServiceListResponse: AppReportServiceListResponse, ContentType: string, StatusCode: int32 ...)
 AppReportServiceListResponse (list: array, nextPageToken: string)
   AppPopulationReport (appId: string, createdAt: date-time, downloadUrl: string ...)
    AppPopulationReportState (enum: REPORT_STATE_UNSPECIFIED, REPORT_STATE_PENDING, REPORT_STATE_OK ...)
AppReportAction (SDK empty)
C1ApiAppV1AppReportActionServiceGenerateReportRequest (AppActionsServiceGenerateReportRequest: AppActionsServiceGenerateReportRequest, app_id: string)
 AppActionsServiceGenerateReportRequest (empty)
C1ApiAppV1AppReportActionServiceGenerateReportResponse (AppActionsServiceGenerateReportResponse: AppActionsServiceGenerateReportResponse, ContentType: string, StatusCode: int32 ...)
 AppActionsServiceGenerateReportResponse (empty)
AppResourceType (SDK empty)
C1ApiAppV1AppResourceTypeServiceCreateManuallyManagedResourceTypeRequest (CreateManuallyManagedResourceTypeRequest: CreateManuallyManagedResourceTypeRequest, app_id: string)
 CreateManuallyManagedResourceTypeRequest (displayName: string, resourceType: enum)
  ResourceType (enum: ROLE, GROUP, LICENSE ...)
C1ApiAppV1AppResourceTypeServiceCreateManuallyManagedResourceTypeResponse (ContentType: string, CreateManuallyManagedResourceTypeResponse: CreateManuallyManagedResourceTypeResponse, StatusCode: int32 ...)
 CreateManuallyManagedResourceTypeResponse (AppResourceType: AppResourceType, expanded: array)
  AppResourceType (appId: string, createdAt: date-time, deletedAt: date-time ...)
   CreateManuallyManagedResourceTypeResponseExpanded (@type: string, AdditionalProperties: map)
C1ApiAppV1AppResourceTypeServiceDeleteManuallyManagedResourceTypeRequest (DeleteManuallyManagedResourceTypeRequest: DeleteManuallyManagedResourceTypeRequest, app_id: string, id: string)
 DeleteManuallyManagedResourceTypeRequest (empty)
C1ApiAppV1AppResourceTypeServiceDeleteManuallyManagedResourceTypeResponse (ContentType: string, DeleteManuallyManagedResourceTypeResponse: DeleteManuallyManagedResourceTypeResponse, StatusCode: int32 ...)
 DeleteManuallyManagedResourceTypeResponse (empty)
C1ApiAppV1AppResourceTypeServiceGetRequest (app_id: string, id: string)
C1ApiAppV1AppResourceTypeServiceGetResponse (AppResourceTypeServiceGetResponse: AppResourceTypeServiceGetResponse, ContentType: string, StatusCode: int32 ...)
 AppResourceTypeServiceGetResponse (AppResourceTypeView: AppResourceTypeView, expanded: array)
  AppResourceTypeView (AppResourceType: AppResourceType, appPath: string)
   AppResourceTypeServiceGetResponseExpanded (@type: string, AdditionalProperties: map)
C1ApiAppV1AppResourceTypeServiceListRequest (app_id: string, page_size: int32, page_token: string)
C1ApiAppV1AppResourceTypeServiceListResponse (AppResourceTypeServiceListResponse: AppResourceTypeServiceListResponse, ContentType: string, StatusCode: int32 ...)
 AppResourceTypeServiceListResponse (expanded: array, list: array, nextPageToken: string)
   AppResourceTypeServiceListResponseExpanded (@type: string, AdditionalProperties: map)
C1ApiAppV1AppResourceTypeServiceUpdateManuallyManagedResourceTypeRequest (UpdateManuallyManagedResourceTypeRequest: UpdateManuallyManagedResourceTypeRequest, app_id: string, id: string)
 UpdateManuallyManagedResourceTypeRequest (AppResourceType: AppResourceType_input, updateMask: string)
  AppResourceTypeInput (displayName: string, traitIds: array)
C1ApiAppV1AppResourceTypeServiceUpdateManuallyManagedResourceTypeResponse (ContentType: string, StatusCode: int32, RawResponse: response ...)
 UpdateManuallyManagedResourceTypeResponse (AppResourceType: AppResourceType, expanded: array)
   UpdateManuallyManagedResourceTypeResponseExpanded (@type: string, AdditionalProperties: map)
AppResource (SDK empty)
C1ApiAppV1AppResourceServiceCreateManuallyManagedAppResourceRequest (CreateManuallyManagedAppResourceRequest: CreateManuallyManagedAppResourceRequest, app_id: string, app_resource_type_id: string)
 CreateManuallyManagedAppResourceRequest (description: string, displayName: string, matchBatonId: string ...)
C1ApiAppV1AppResourceServiceCreateManuallyManagedAppResourceResponse (ContentType: string, CreateManuallyManagedAppResourceResponse: CreateManuallyManagedAppResourceResponse, StatusCode: int32 ...)
 CreateManuallyManagedAppResourceResponse (AppResource: AppResource)
  AppResource (SecretTrait: SecretTrait, appId: string, appResourceTypeId: string ...)
   SecretTrait (identityAppUserId: string, lastUsedAt: date-time, secretCreatedAt: date-time ...)
C1ApiAppV1AppResourceServiceDeleteManuallyManagedAppResourceRequest (DeleteManuallyManagedAppResourceRequest: DeleteManuallyManagedAppResourceRequest, app_id: string, app_resource_type_id: string ...)
 DeleteManuallyManagedAppResourceRequest (empty)
C1ApiAppV1AppResourceServiceDeleteManuallyManagedAppResourceResponse (ContentType: string, DeleteManuallyManagedAppResourceResponse: DeleteManuallyManagedAppResourceResponse, StatusCode: int32 ...)
 DeleteManuallyManagedAppResourceResponse (empty)
C1ApiAppV1AppResourceServiceGetRequest (app_id: string, app_resource_type_id: string, id: string)
C1ApiAppV1AppResourceServiceGetResponse (AppResourceServiceGetResponse: AppResourceServiceGetResponse, ContentType: string, StatusCode: int32 ...)
 AppResourceServiceGetResponse (AppResourceView: AppResourceView, expanded: array)
  AppResourceView (AppResource: AppResource, appPath: string, parentResourcePath: string ...)
   AppResourceServiceGetResponseExpanded (@type: string, AdditionalProperties: map)
C1ApiAppV1AppResourceServiceListRequest (app_id: string, app_resource_type_id: string, page_size: int32 ...)
C1ApiAppV1AppResourceServiceListResponse (AppResourceServiceListResponse: AppResourceServiceListResponse, ContentType: string, StatusCode: int32 ...)
 AppResourceServiceListResponse (expanded: array, list: array, nextPageToken: string)
   AppResourceServiceListResponseExpanded (@type: string, AdditionalProperties: map)
C1ApiAppV1AppResourceServiceUpdateRequest (AppResourceServiceUpdateRequest: AppResourceServiceUpdateRequest, app_id: string, app_resource_type_id: string ...)
 AppResourceServiceUpdateRequest (AppResource: AppResource_input, AppResourceExpandMask: AppResourceExpandMask, updateMask: string)
  AppResourceInput (SecretTrait: SecretTrait, appId: string, appResourceTypeId: string ...)
  AppResourceExpandMask (paths: array)
C1ApiAppV1AppResourceServiceUpdateResponse (AppResourceServiceUpdateResponse: AppResourceServiceUpdateResponse, ContentType: string, StatusCode: int32 ...)
 AppResourceServiceUpdateResponse (AppResourceView: AppResourceView, expanded: array)
   AppResourceServiceUpdateResponseExpanded (@type: string, AdditionalProperties: map)
AppResourceOwners (SDK empty)
C1ApiAppV1AppResourceOwnersAddRequest (AddAppResourceOwnerRequest: AddAppResourceOwnerRequest, app_id: string, resource_id: string ...)
 AddAppResourceOwnerRequest (userId: string)
C1ApiAppV1AppResourceOwnersAddResponse (AddAppResourceOwnerResponse: AddAppResourceOwnerResponse, ContentType: string, StatusCode: int32 ...)
 AddAppResourceOwnerResponse (empty)
C1ApiAppV1AppResourceOwnersDeleteRequest (DeleteAppResourceOwnersRequest: DeleteAppResourceOwnersRequest, app_id: string, resource_id: string ...)
 DeleteAppResourceOwnersRequest (empty)
C1ApiAppV1AppResourceOwnersDeleteResponse (ContentType: string, DeleteAppResourceOwnersResponse: DeleteAppResourceOwnersResponse, StatusCode: int32 ...)
 DeleteAppResourceOwnersResponse (empty)
C1ApiAppV1AppResourceOwnersListRequest (app_id: string, page_size: int32, page_token: string ...)
C1ApiAppV1AppResourceOwnersListResponse (ContentType: string, ListAppResourceOwnersResponse: ListAppResourceOwnersResponse, StatusCode: int32 ...)
 ListAppResourceOwnersResponse (list: array, nextPageToken: string)
C1ApiAppV1AppResourceOwnersListOwnerIDsRequest (app_id: string, resource_id: string, resource_type_id: string)
C1ApiAppV1AppResourceOwnersListOwnerIDsResponse (ContentType: string, ListAppResourceOwnerIDsResponse: ListAppResourceOwnerIDsResponse, StatusCode: int32 ...)
 ListAppResourceOwnerIDsResponse (userIds: array)
C1ApiAppV1AppResourceOwnersRemoveRequest (RemoveAppResourceOwnerRequest: RemoveAppResourceOwnerRequest, app_id: string, resource_id: string ...)
 RemoveAppResourceOwnerRequest (userId: string)
C1ApiAppV1AppResourceOwnersRemoveResponse (ContentType: string, RemoveAppResourceOwnerResponse: RemoveAppResourceOwnerResponse, StatusCode: int32 ...)
 RemoveAppResourceOwnerResponse (empty)
C1ApiAppV1AppResourceOwnersSetRequest (SetAppResourceOwnersRequest: SetAppResourceOwnersRequest, app_id: string, resource_id: string ...)
 SetAppResourceOwnersRequest (userIds: array)
C1ApiAppV1AppResourceOwnersSetResponse (ContentType: string, SetAppResourceOwnersResponse: SetAppResourceOwnersResponse, StatusCode: int32 ...)
 SetAppResourceOwnersResponse (empty)
AppUsageControls (SDK empty)
C1ApiAppV1AppUsageControlsServiceGetRequest (app_id: string)
C1ApiAppV1AppUsageControlsServiceGetResponse (ContentType: string, GetAppUsageControlsResponse: GetAppUsageControlsResponse, StatusCode: int32 ...)
 GetAppUsageControlsResponse (AppUsageControls: AppUsageControls, hasUsageData: boolean)
  AppUsageControls (appId: string, notify: boolean, notifyAfterDays: integer ...)
C1ApiAppV1AppUsageControlsServiceUpdateRequest (UpdateAppUsageControlsRequest: UpdateAppUsageControlsRequest, app_id: string)
 UpdateAppUsageControlsRequest (AppUsageControls: AppUsageControls, updateMask: string)
C1ApiAppV1AppUsageControlsServiceUpdateResponse (ContentType: string, StatusCode: int32, RawResponse: response ...)
 UpdateAppUsageControlsResponse (AppUsageControls: AppUsageControls)
AppEntitlementsProxy (SDK empty)
C1ApiAppV1AppEntitlementsProxyCreateRequest (CreateAppEntitlementProxyRequest: CreateAppEntitlementProxyRequest, dst_app_entitlement_id: string, dst_app_id: string ...)
 CreateAppEntitlementProxyRequest (AppEntitlementProxyExpandMask: AppEntitlementProxyExpandMask)
  AppEntitlementProxyExpandMask (paths: array)
C1ApiAppV1AppEntitlementsProxyCreateResponse (ContentType: string, CreateAppEntitlementProxyResponse: CreateAppEntitlementProxyResponse, StatusCode: int32 ...)
 CreateAppEntitlementProxyResponse (AppEntitlementProxyView: AppEntitlementProxyView, expanded: array)
  AppEntitlementProxyView (AppEntitlementProxy: AppEntitlementProxy, dstAppEntitlementPath: string, dstAppPath: string ...)
   AppEntitlementProxy (createdAt: date-time, deletedAt: date-time, dstAppEntitlementId: string ...)
   CreateAppEntitlementProxyResponseExpanded (@type: string, AdditionalProperties: map)
C1ApiAppV1AppEntitlementsProxyDeleteRequest (DeleteAppEntitlementProxyRequest: DeleteAppEntitlementProxyRequest, dst_app_entitlement_id: string, dst_app_id: string ...)
 DeleteAppEntitlementProxyRequest (empty)
C1ApiAppV1AppEntitlementsProxyDeleteResponse (ContentType: string, DeleteAppEntitlementProxyResponse: DeleteAppEntitlementProxyResponse, StatusCode: int32 ...)
 DeleteAppEntitlementProxyResponse (empty)
C1ApiAppV1AppEntitlementsProxyGetRequest (dst_app_entitlement_id: string, dst_app_id: string, src_app_entitlement_id: string ...)
C1ApiAppV1AppEntitlementsProxyGetResponse (ContentType: string, GetAppEntitlementProxyResponse: GetAppEntitlementProxyResponse, StatusCode: int32 ...)
 GetAppEntitlementProxyResponse (AppEntitlementProxyView: AppEntitlementProxyView, expanded: array)
   GetAppEntitlementProxyResponseExpanded (@type: string, AdditionalProperties: map)
Attributes (SDK empty)
CreateAttributeValueRequest (attributeTypeId: string, value: string)
C1ApiAttributeV1AttributesCreateAttributeValueResponse (ContentType: string, CreateAttributeValueResponse: CreateAttributeValueResponse, StatusCode: int32 ...)
 CreateAttributeValueResponse (AttributeValue: AttributeValue)
  AttributeValue (attributeTypeId: string, createdAt: date-time, deletedAt: date-time ...)
CreateComplianceFrameworkAttributeValueRequest (value: string)
C1ApiAttributeV1AttributesCreateComplianceFrameworkAttributeValueResponse (ContentType: string, CreateComplianceFrameworkAttributeValueResponse: CreateComplianceFrameworkAttributeValueResponse, StatusCode: int32 ...)
 CreateComplianceFrameworkAttributeValueResponse (AttributeValue: AttributeValue)
CreateRiskLevelAttributeValueRequest (value: string)
C1ApiAttributeV1AttributesCreateRiskLevelAttributeValueResponse (ContentType: string, CreateRiskLevelAttributeValueResponse: CreateRiskLevelAttributeValueResponse, StatusCode: int32 ...)
 CreateRiskLevelAttributeValueResponse (AttributeValue: AttributeValue)
C1ApiAttributeV1AttributesDeleteAttributeValueRequest (DeleteAttributeValueRequest: DeleteAttributeValueRequest, id: string)
 DeleteAttributeValueRequest (empty)
C1ApiAttributeV1AttributesDeleteAttributeValueResponse (ContentType: string, DeleteAttributeValueResponse: DeleteAttributeValueResponse, StatusCode: int32 ...)
 DeleteAttributeValueResponse (empty)
C1ApiAttributeV1AttributesDeleteComplianceFrameworkAttributeValueRequest (DeleteComplianceFrameworkAttributeValueRequest: DeleteComplianceFrameworkAttributeValueRequest, id: string)
 DeleteComplianceFrameworkAttributeValueRequest (empty)
C1ApiAttributeV1AttributesDeleteComplianceFrameworkAttributeValueResponse (ContentType: string, DeleteComplianceFrameworkAttributeValueResponse: DeleteComplianceFrameworkAttributeValueResponse, StatusCode: int32 ...)
 DeleteComplianceFrameworkAttributeValueResponse (empty)
C1ApiAttributeV1AttributesDeleteRiskLevelAttributeValueRequest (DeleteRiskLevelAttributeValueRequest: DeleteRiskLevelAttributeValueRequest, id: string)
 DeleteRiskLevelAttributeValueRequest (empty)
C1ApiAttributeV1AttributesDeleteRiskLevelAttributeValueResponse (ContentType: string, DeleteRiskLevelAttributeValueResponse: DeleteRiskLevelAttributeValueResponse, StatusCode: int32 ...)
 DeleteRiskLevelAttributeValueResponse (empty)
C1ApiAttributeV1AttributesGetAttributeValueRequest (id: string)
C1ApiAttributeV1AttributesGetAttributeValueResponse (ContentType: string, GetAttributeValueResponse: GetAttributeValueResponse, StatusCode: int32 ...)
 GetAttributeValueResponse (AttributeValue: AttributeValue)
C1ApiAttributeV1AttributesGetComplianceFrameworkAttributeValueRequest (id: string)
C1ApiAttributeV1AttributesGetComplianceFrameworkAttributeValueResponse (ContentType: string, GetComplianceFrameworkAttributeValueResponse: GetComplianceFrameworkAttributeValueResponse, StatusCode: int32 ...)
 GetComplianceFrameworkAttributeValueResponse (AttributeValue: AttributeValue)
C1ApiAttributeV1AttributesGetRiskLevelAttributeValueRequest (id: string)
C1ApiAttributeV1AttributesGetRiskLevelAttributeValueResponse (ContentType: string, GetRiskLevelAttributeValueResponse: GetRiskLevelAttributeValueResponse, StatusCode: int32 ...)
 GetRiskLevelAttributeValueResponse (AttributeValue: AttributeValue)
C1ApiAttributeV1AttributesListAttributeTypesRequest (page_size: int32, page_token: string)
C1ApiAttributeV1AttributesListAttributeTypesResponse (ContentType: string, ListAttributeTypesResponse: ListAttributeTypesResponse, StatusCode: int32 ...)
 ListAttributeTypesResponse (list: array, nextPageToken: string)
   AttributeType (id: string, name: string)
C1ApiAttributeV1AttributesListAttributeValuesRequest (attribute_type_id: string, page_size: int32, page_token: string)
C1ApiAttributeV1AttributesListAttributeValuesResponse (ContentType: string, ListAttributeValuesResponse: ListAttributeValuesResponse, StatusCode: int32 ...)
 ListAttributeValuesResponse (list: array, nextPageToken: string)
C1ApiAttributeV1AttributesListComplianceFrameworksRequest (page_size: int32, page_token: string)
C1ApiAttributeV1AttributesListComplianceFrameworksResponse (ContentType: string, ListComplianceFrameworksResponse: ListComplianceFrameworksResponse, StatusCode: int32 ...)
 ListComplianceFrameworksResponse (list: array, nextPageToken: string)
C1ApiAttributeV1AttributesListRiskLevelsRequest (page_size: int32, page_token: string)
C1ApiAttributeV1AttributesListRiskLevelsResponse (ContentType: string, ListRiskLevelsResponse: ListRiskLevelsResponse, StatusCode: int32 ...)
 ListRiskLevelsResponse (list: array, nextPageToken: string)
Auth (SDK empty)
C1ApiAuthV1AuthIntrospectResponse (ContentType: string, IntrospectResponse: IntrospectResponse, StatusCode: int32 ...)
 IntrospectResponse (features: array, permissions: array, principleId: string ...)
AutomationExecution (SDK empty)
C1ApiAutomationsV1AutomationExecutionServiceGetAutomationExecutionRequest (id: integer)
C1ApiAutomationsV1AutomationExecutionServiceGetAutomationExecutionResponse (ContentType: string, GetAutomationExecutionResponse: GetAutomationExecutionResponse, StatusCode: int32 ...)
 GetAutomationExecutionResponse (AutomationExecution: AutomationExecution)
  AutomationExecution (AutomationContext: AutomationContext, automationTemplateId: string, completedAt: date-time ...)
   AutomationContext (context: map)
   AutomationExecutionState (enum: AUTOMATION_EXECUTION_STATE_UNSPECIFIED, AUTOMATION_EXECUTION_STATE_PENDING, AUTOMATION_EXECUTION_STATE_CREATING ...)
C1ApiAutomationsV1AutomationExecutionServiceListAutomationExecutionsResponse (ContentType: string, ListAutomationExecutionsResponse: ListAutomationExecutionsResponse, StatusCode: int32 ...)
 ListAutomationExecutionsResponse (automationExecutions: array, nextPageToken: string)
AutomationExecutionSearch (SDK empty)
SearchAutomationExecutionsRequest (AutomationExecutionExpandMask: AutomationExecutionExpandMask, automationTemplateId: string, executionId: integer ...)
 AutomationExecutionExpandMask (paths: array)
  ExecutionStepStates (enum: AUTOMATION_EXECUTION_STATE_UNSPECIFIED, AUTOMATION_EXECUTION_STATE_PENDING, AUTOMATION_EXECUTION_STATE_CREATING ...)
  AutomationExecutionRef (id: integer)
C1ApiAutomationsV1AutomationExecutionSearchServiceSearchAutomationExecutionsResponse (ContentType: string, SearchAutomationExecutionsResponse: SearchAutomationExecutionsResponse, StatusCode: int32 ...)
 SearchAutomationExecutionsResponse (expanded: array, list: array, nextPageToken: string)
   SearchAutomationExecutionsResponseExpanded (@type: string, AdditionalProperties: map)
   AutomationExecutionView (AutomationExecution: AutomationExecution, automationExecutionTriggerPath: string, automationPath: string)
AutomationExecutionActions (SDK empty)
C1ApiAutomationsV1AutomationExecutionActionsServiceTerminateAutomationRequest (TerminateAutomationRequest: TerminateAutomationRequest, id: integer)
 TerminateAutomationRequest (empty)
C1ApiAutomationsV1AutomationExecutionActionsServiceTerminateAutomationResponse (ContentType: string, StatusCode: int32, RawResponse: response ...)
 TerminateAutomationResponse (empty)
AutomationSearch (SDK empty)
SearchAutomationTemplateVersionsRequest (automationTemplateId: string, pageSize: int32, pageToken: string)
C1ApiAutomationsV1AutomationSearchServiceSearchAutomationTemplateVersionsResponse (ContentType: string, SearchAutomationTemplateVersionsResponse: SearchAutomationTemplateVersionsResponse, StatusCode: int32 ...)
 SearchAutomationTemplateVersionsResponse (list: array, nextPageToken: string)
   AutomationTemplateVersion (automationSteps: array, automationTemplateId: string, createdAt: date-time ...)
     AutomationStep (AccountLifecycleAction: AccountLifecycleAction, CallFunction: CallFunction, ConnectorAction: ConnectorAction ...)
      AccountLifecycleAction (AccountInContext: AccountInContext, AccountRef: AccountRef, ConnectorRef: ConnectorRef ...)
       AccountInContext (empty)
       AccountRef (accountIdCel: string)
       ConnectorRef (appId: string, id: string)
      CallFunction (args: map, functionId: string)
      ConnectorAction (ConnectorRef: ConnectorRef, actionName: string, argsTemplate: map)
      ConnectorCreateAccount (ConnectorRef: ConnectorRef, UserProperties: UserProperties, userIdCel: string)
       UserProperties (displayNameCel: string, emailCel: string, profileAttributeCel: string ...)
      CreateAccessReview (accessReviewTemplateCel: string, accessReviewTemplateId: string, campaignName: string ...)
      CreateRevokeTasks (UserRef: UserRef, appEntitlementRefs: array, appEntitlementRefsCel: string ...)
      CreateRevokeTasksV2 (EntitlementExclusionCriteria: EntitlementExclusionCriteria, EntitlementExclusionList: EntitlementExclusionList, EntitlementExclusionNone: EntitlementExclusionNone ...)
       EntitlementExclusionCriteria (excludedAppIds: array, excludedComplianceFrameworkIds: array, excludedResourceTypeIds: array ...)
       EntitlementExclusionList (excludedAppEntitlementRefs: array)
       EntitlementExclusionNone (empty)
       EntitlementInclusionAll (empty)
       EntitlementInclusionCriteria (appIds: array, complianceFrameworkIds: array, resourceTypeIds: array ...)
       EntitlementInclusionList (appEntitlementRefs: array)
      GrantEntitlements (UserRef: UserRef, appEntitlementRefs: array, appEntitlementRefsCel: string ...)
      RemoveFromDelegation (UserRef: UserRef, UserRef1: UserRef, replacementUserIdCel: string ...)
      RunAutomation (AutomationContext: AutomationContext, AutomationTemplateRef: AutomationTemplateRef, automationTemplateIdCel: string)
       AutomationTemplateRef (id: string)
      SendEmail (body: string, subject: string, title: string ...)
      SendSlackMessage (body: string, channelName: string, channelNameCel: string)
      TaskAction (CloseAction: CloseAction, ReassignAction: ReassignAction, taskTypes: array ...)
       CloseAction (UserRef: UserRef, useSubjectUser: boolean, userIdCel: string)
       ReassignAction (UserRef: UserRef, UserRef1: UserRef, assigneeUserIdCel: string ...)
        TaskTypes (enum: TASK_TYPE_UNSPECIFIED, TASK_TYPE_REQUEST, TASK_TYPE_REVOKE ...)
       TaskUserRelation (enum: TASK_USER_RELATION_UNSPECIFIED, TASK_USER_RELATION_ASSIGNEE, TASK_USER_RELATION_SUBJECT)
      UnenrollFromAllAccessProfiles (catalogIds: array, catalogIdsCel: string, useSubjectUser: boolean ...)
      UpdateUser (UserRef: UserRef, useSubjectUser: boolean, userIdCel: string ...)
       UserStatusEnum (enum: UNKNOWN, ENABLED, DISABLED ...)
      WaitForDuration (duration: string)
      Webhook (payload: map, webhookId: string, webhookIdCel: string)
     AutomationTrigger (AccessConflictTrigger: AccessConflictTrigger, AppUserCreatedTrigger: AppUserCreatedTrigger, AppUserUpdatedTrigger: AppUserUpdatedTrigger ...)
      AccessConflictTrigger (ConflictMonitorRefs: ConflictMonitorRefs, allConflictMonitors: boolean)
       ConflictMonitorRefs (conflictMonitorRefs: array)
         ConflictMonitorRef (id: string)
      AppUserCreatedTrigger (appId: string, appIdCel: string, condition: string)
      AppUserUpdatedTrigger (appId: string, appIdCel: string, condition: string)
      FormTrigger (Form: Form_input)
       FormInput (description: string, displayName: string, fieldRelationships: array ...)
         FieldRelationship (AtLeastOne: AtLeastOne, MutuallyExclusive: MutuallyExclusive, RequiredTogether: RequiredTogether ...)
          AtLeastOne (empty)
          MutuallyExclusive (empty)
          RequiredTogether (empty)
         FieldInput (BoolField: BoolField, FileField: FileField, Int64Field: Int64Field ...)
          BoolField (BoolRules: BoolRules, CheckboxField: CheckboxField, defaultValue: boolean)
           BoolRules (const: boolean)
           CheckboxField (empty)
          FileField (FileInputField: FileInputField, acceptedFileTypes: array, maxFileSize: integer)
           FileInputField (empty)
          Int64Field (Int64Rules: Int64Rules, NumberField: NumberField, defaultValue: integer ...)
           Int64Rules (const: integer, gt: integer, gte: integer ...)
           NumberField (maxValue: integer, minValue: integer, step: integer)
          StringField (PasswordField: PasswordField, SelectField: SelectField, StringRules: StringRules ...)
           PasswordField (empty)
           SelectField (options: array)
             SelectOption (displayName: string, value: string)
           StringRules (address: boolean, const: string, contains: string ...)
            WellKnownRegex (enum: UNKNOWN, HTTP_HEADER_NAME, HTTP_HEADER_VALUE)
           TextField (multiline: boolean)
          StringSliceField (ChipsField: ChipsField, RepeatedRules: RepeatedRules, defaultValues: array ...)
           ChipsField (empty)
           RepeatedRules (FieldRules: FieldRules, ignoreEmpty: boolean, maxItems: string ...)
            FieldRules (AnyRules: AnyRules, BoolRules: BoolRules, BytesRules: BytesRules ...)
             AnyRules (in: array, notIn: array, required: boolean)
             BytesRules (const: string, contains: string, ignoreEmpty: boolean ...)
             DoubleRules (const: number, gt: number, gte: number ...)
             DurationRules (const: string, gt: string, gte: string ...)
             EnumRules (const: int32, definedOnly: boolean, in: array ...)
             Fixed32Rules (const: integer, gt: integer, gte: integer ...)
             Fixed64Rules (const: string, gt: string, gte: string ...)
             FloatRules (const: number, gt: number, gte: number ...)
             Int32Rules (const: int32, gt: int32, gte: int32 ...)
             MapRules (FieldRules: FieldRules, FieldRules1: FieldRules, ignoreEmpty: boolean ...)
               MessageRules (required: boolean, skip: boolean)
               SFixed32Rules (const: int32, gt: int32, gte: int32 ...)
               SFixed64Rules (const: integer, gt: integer, gte: integer ...)
               SInt32Rules (const: int32, gt: int32, gte: int32 ...)
               SInt64Rules (const: integer, gt: integer, gte: integer ...)
               TimestampRules (const: date-time, gt: date-time, gtNow: boolean ...)
               UInt32Rules (const: integer, gt: integer, gte: integer ...)
               UInt64Rules (const: string, gt: string, gte: string ...)
      GrantDeletedTrigger (GrantTriggerFilter: GrantTriggerFilter)
       GrantTriggerFilter (AccountFilter: AccountFilter, EntitlementFilter: EntitlementFilter, GrantFilter: GrantFilter)
        AccountFilter (accountType: enum)
         AccountType (enum: APP_USER_TYPE_UNSPECIFIED, APP_USER_TYPE_USER, APP_USER_TYPE_SERVICE_ACCOUNT ...)
        EntitlementFilter (appEntitlementRefs: array, appEntitlementRefsCel: string, appId: string)
        GrantFilter (grantFilterType: enum, grantJustificationType: enum, grantSourceFilter: enum)
         GrantFilterType (enum: GRANT_FILTER_TYPE_UNSPECIFIED, GRANT_FILTER_TYPE_PERMANENT, GRANT_FILTER_TYPE_TEMPORARY)
         GrantJustificationType (enum: GRANT_JUSTIFICATION_TYPE_UNSPECIFIED, GRANT_JUSTIFICATION_TYPE_ALL, GRANT_JUSTIFICATION_TYPE_CONDUCTOR_ONE ...)
         GrantSourceFilter (enum: GRANT_SOURCE_FILTER_UNSPECIFIED, GRANT_SOURCE_FILTER_DIRECT, GRANT_SOURCE_FILTER_INHERITED)
      GrantFoundTrigger (GrantTriggerFilter: GrantTriggerFilter)
      ManualAutomationTrigger (empty)
      ScheduleTrigger (advanced: boolean, condition: string, cronSpec: string ...)
      ScheduleTriggerAppUser (appId: string, condition: string, cronSpec: string ...)
      UsageBasedRevocationTrigger (RunDelayed: RunDelayed, RunImmediately: RunImmediately, appId: string ...)
       RunDelayed (coldStartDelayDays: integer)
       RunImmediately (empty)
        TargetedAppUserTypes (enum: APP_USER_TYPE_UNSPECIFIED, APP_USER_TYPE_USER, APP_USER_TYPE_SERVICE_ACCOUNT ...)
      UserCreatedTrigger (condition: string)
      UserProfileChangeTrigger (condition: string)
      WebhookAutomationTrigger (WebhookListenerAuthHMAC: WebhookListenerAuthHMAC, WebhookListenerAuthJWT: WebhookListenerAuthJWT, listenerId: string)
       WebhookListenerAuthHmac (empty)
       WebhookListenerAuthJwt (jwksUrl: string)
SearchAutomationsRequest (appId: string, pageSize: int32, pageToken: string ...)
  TriggerTypes (enum: TRIGGER_TYPE_UNSPECIFIED, TRIGGER_TYPE_USER_PROFILE_CHANGE, TRIGGER_TYPE_APP_USER_CREATE ...)
C1ApiAutomationsV1AutomationSearchServiceSearchAutomationsResponse (ContentType: string, SearchAutomationsResponse: SearchAutomationsResponse, StatusCode: int32 ...)
 SearchAutomationsResponse (list: array, nextPageToken: string)
   Automation (AutomationContext: AutomationContext, DisabledReasonCircuitBreaker: DisabledReasonCircuitBreaker, appId: string ...)
    DisabledReasonCircuitBreaker (empty)
    PrimaryTriggerType (enum: TRIGGER_TYPE_UNSPECIFIED, TRIGGER_TYPE_USER_PROFILE_CHANGE, TRIGGER_TYPE_APP_USER_CREATE ...)
Automation (SDK empty)
CreateAutomationRequestInput (AutomationContext: AutomationContext, appId: string, automationSteps: array ...)
C1ApiAutomationsV1AutomationServiceCreateAutomationResponse (ContentType: string, CreateAutomationResponse: CreateAutomationResponse_input, StatusCode: int32 ...)
 CreateAutomationResponseInput (Automation: Automation, webhookHmacSecret: string)
C1ApiAutomationsV1AutomationServiceDeleteAutomationRequest (DeleteAutomationRequest: DeleteAutomationRequest, id: string)
C1ApiAutomationsV1AutomationServiceDeleteAutomationResponse (ContentType: string, DeleteAutomationResponse: DeleteAutomationResponse, StatusCode: int32 ...)
C1ApiAutomationsV1AutomationServiceExecuteAutomationRequest (ExecuteAutomationRequest: ExecuteAutomationRequest, id: string)
 ExecuteAutomationRequest (AutomationContext: AutomationContext)
C1ApiAutomationsV1AutomationServiceExecuteAutomationResponse (ContentType: string, ExecuteAutomationResponse: ExecuteAutomationResponse, StatusCode: int32 ...)
 ExecuteAutomationResponse (executionId: integer)
C1ApiAutomationsV1AutomationServiceGetAutomationRequest (id: string)
C1ApiAutomationsV1AutomationServiceGetAutomationResponse (ContentType: string, GetAutomationResponse: GetAutomationResponse, StatusCode: int32 ...)
 GetAutomationResponse (Automation: Automation)
C1ApiAutomationsV1AutomationServiceListAutomationsResponse (ContentType: string, ListAutomationsResponse: ListAutomationsResponse, StatusCode: int32 ...)
 ListAutomationsResponse (list: array, nextPageToken: string)
C1ApiAutomationsV1AutomationServiceUpdateAutomationRequest (UpdateAutomationRequest: UpdateAutomationRequest, id: string)
 UpdateAutomationRequest (Automation: Automation_input, updateMask: string)
  AutomationInput (AutomationContext: AutomationContext, DisabledReasonCircuitBreaker: DisabledReasonCircuitBreaker, appId: string ...)
C1ApiAutomationsV1AutomationServiceUpdateAutomationResponse (ContentType: string, StatusCode: int32, RawResponse: response ...)
 UpdateAutomationResponse (Automation: Automation, webhookHmacSecret: string)
RequestCatalogManagement (SDK empty)
C1ApiRequestcatalogV1RequestCatalogManagementServiceAddAccessEntitlementsRequest (RequestCatalogManagementServiceAddAccessEntitlementsRequest: RequestCatalogManagementServiceAddAccessEntitlementsRequest, catalog_id: string)
 RequestCatalogManagementServiceAddAccessEntitlementsRequest (accessEntitlements: array)
C1ApiRequestcatalogV1RequestCatalogManagementServiceAddAccessEntitlementsResponse (ContentType: string, RequestCatalogManagementServiceAddAccessEntitlementsResponse: RequestCatalogManagementServiceAddAccessEntitlementsResponse, StatusCode: int32 ...)
 RequestCatalogManagementServiceAddAccessEntitlementsResponse (empty)
C1ApiRequestcatalogV1RequestCatalogManagementServiceAddAppEntitlementsRequest (RequestCatalogManagementServiceAddAppEntitlementsRequest: RequestCatalogManagementServiceAddAppEntitlementsRequest, catalog_id: string)
 RequestCatalogManagementServiceAddAppEntitlementsRequest (appEntitlements: array, createRequests: boolean)
C1ApiRequestcatalogV1RequestCatalogManagementServiceAddAppEntitlementsResponse (ContentType: string, RequestCatalogManagementServiceAddAppEntitlementsResponse: RequestCatalogManagementServiceAddAppEntitlementsResponse, StatusCode: int32 ...)
 RequestCatalogManagementServiceAddAppEntitlementsResponse (empty)
RequestCatalogManagementServiceCreateRequest (RequestCatalogExpandMask: RequestCatalogExpandMask, description: string, displayName: string ...)
 RequestCatalogExpandMask (paths: array)
 RequestCatalogManagementServiceCreateRequestEnrollmentBehavior (enum: REQUEST_CATALOG_ENROLLMENT_BEHAVIOR_UNSPECIFIED, REQUEST_CATALOG_ENROLLMENT_BEHAVIOR_BYPASS_ENTITLEMENT_REQUEST_POLICY, REQUEST_CATALOG_ENROLLMENT_BEHAVIOR_ENFORCE_ENTITLEMENT_REQUEST_POLICY)
 RequestCatalogManagementServiceCreateRequestUnenrollmentBehavior (enum: REQUEST_CATALOG_UNENROLLMENT_BEHAVIOR_UNSPECIFIED, REQUEST_CATALOG_UNENROLLMENT_BEHAVIOR_LEAVE_ACCESS_AS_IS, REQUEST_CATALOG_UNENROLLMENT_BEHAVIOR_REVOKE_ALL ...)
 RequestCatalogManagementServiceCreateRequestUnenrollmentEntitlementBehavior (enum: REQUEST_CATALOG_UNENROLLMENT_ENTITLEMENT_BEHAVIOR_UNSPECIFIED, REQUEST_CATALOG_UNENROLLMENT_ENTITLEMENT_BEHAVIOR_BYPASS, REQUEST_CATALOG_UNENROLLMENT_ENTITLEMENT_BEHAVIOR_ENFORCE)
C1ApiRequestcatalogV1RequestCatalogManagementServiceCreateResponse (ContentType: string, RequestCatalogManagementServiceGetResponse: RequestCatalogManagementServiceGetResponse, StatusCode: int32 ...)
 RequestCatalogManagementServiceGetResponse (RequestCatalogView: RequestCatalogView, expanded: array)
  RequestCatalogView (RequestCatalog: RequestCatalog, accessEntitlementsPath: string, createdByUserPath: string ...)
   RequestCatalog (accessEntitlements: array, createdAt: date-time, createdByUserId: string ...)
    EnrollmentBehavior (enum: REQUEST_CATALOG_ENROLLMENT_BEHAVIOR_UNSPECIFIED, REQUEST_CATALOG_ENROLLMENT_BEHAVIOR_BYPASS_ENTITLEMENT_REQUEST_POLICY, REQUEST_CATALOG_ENROLLMENT_BEHAVIOR_ENFORCE_ENTITLEMENT_REQUEST_POLICY)
    UnenrollmentBehavior (enum: REQUEST_CATALOG_UNENROLLMENT_BEHAVIOR_UNSPECIFIED, REQUEST_CATALOG_UNENROLLMENT_BEHAVIOR_LEAVE_ACCESS_AS_IS, REQUEST_CATALOG_UNENROLLMENT_BEHAVIOR_REVOKE_ALL ...)
    UnenrollmentEntitlementBehavior (enum: REQUEST_CATALOG_UNENROLLMENT_ENTITLEMENT_BEHAVIOR_UNSPECIFIED, REQUEST_CATALOG_UNENROLLMENT_ENTITLEMENT_BEHAVIOR_BYPASS, REQUEST_CATALOG_UNENROLLMENT_ENTITLEMENT_BEHAVIOR_ENFORCE)
   RequestCatalogManagementServiceGetResponseExpanded (@type: string, AdditionalProperties: map)
C1ApiRequestcatalogV1RequestCatalogManagementServiceCreateBundleAutomationRequest (CreateBundleAutomationRequest: CreateBundleAutomationRequest, request_catalog_id: string)
 CreateBundleAutomationRequest (BundleAutomationRuleEntitlement: BundleAutomationRuleEntitlement, createTasks: boolean, disableCircuitBreaker: boolean ...)
  BundleAutomationRuleEntitlement (entitlementRefs: array)
C1ApiRequestcatalogV1RequestCatalogManagementServiceCreateBundleAutomationResponse (BundleAutomation: BundleAutomation, ContentType: string, StatusCode: int32 ...)
 BundleAutomation (BundleAutomationCircuitBreaker: BundleAutomationCircuitBreaker, BundleAutomationLastRunState: BundleAutomationLastRunState, BundleAutomationRuleEntitlement: BundleAutomationRuleEntitlement ...)
  BundleAutomationCircuitBreaker (UserRef: UserRef, removedMembersThresholdPercentage: integer, state: enum ...)
   BundleAutomationCircuitBreakerState (enum: CIRCUIT_BREAKER_STATE_UNSPECIFIED, CIRCUIT_BREAKER_STATE_TRIGGERED, CIRCUIT_BREAKER_STATE_BYPASS)
  BundleAutomationLastRunState (errorMessage: string, lastRunAt: date-time, status: enum)
   BundleAutomationLastRunStateStatus (enum: BUNDLE_AUTOMATION_RUN_STATUS_UNSPECIFIED, BUNDLE_AUTOMATION_RUN_STATUS_SUCCESS, BUNDLE_AUTOMATION_RUN_STATUS_FAILURE ...)
C1ApiRequestcatalogV1RequestCatalogManagementServiceDeleteRequest (RequestCatalogManagementServiceDeleteRequest: RequestCatalogManagementServiceDeleteRequest, id: string)
 RequestCatalogManagementServiceDeleteRequest (empty)
C1ApiRequestcatalogV1RequestCatalogManagementServiceDeleteResponse (ContentType: string, RequestCatalogManagementServiceDeleteResponse: RequestCatalogManagementServiceDeleteResponse, StatusCode: int32 ...)
 RequestCatalogManagementServiceDeleteResponse (empty)
C1ApiRequestcatalogV1RequestCatalogManagementServiceDeleteBundleAutomationRequest (DeleteBundleAutomationRequest: DeleteBundleAutomationRequest, request_catalog_id: string)
 DeleteBundleAutomationRequest (empty)
C1ApiRequestcatalogV1RequestCatalogManagementServiceDeleteBundleAutomationResponse (ContentType: string, DeleteBundleAutomationResponse: DeleteBundleAutomationResponse, StatusCode: int32 ...)
 DeleteBundleAutomationResponse (empty)
C1ApiRequestcatalogV1RequestCatalogManagementServiceForceRunBundleAutomationRequest (ForceRunBundleAutomationRequest: ForceRunBundleAutomationRequest, request_catalog_id: string)
 ForceRunBundleAutomationRequest (refs: array)
C1ApiRequestcatalogV1RequestCatalogManagementServiceForceRunBundleAutomationResponse (ContentType: string, ForceRunBundleAutomationResponse: ForceRunBundleAutomationResponse, StatusCode: int32 ...)
 ForceRunBundleAutomationResponse (empty)
C1ApiRequestcatalogV1RequestCatalogManagementServiceGetRequest (id: string)
C1ApiRequestcatalogV1RequestCatalogManagementServiceGetResponse (ContentType: string, RequestCatalogManagementServiceGetResponse: RequestCatalogManagementServiceGetResponse, StatusCode: int32 ...)
C1ApiRequestcatalogV1RequestCatalogManagementServiceGetBundleAutomationRequest (request_catalog_id: string)
C1ApiRequestcatalogV1RequestCatalogManagementServiceGetBundleAutomationResponse (BundleAutomation: BundleAutomation, ContentType: string, StatusCode: int32 ...)
C1ApiRequestcatalogV1RequestCatalogManagementServiceListRequest (page_size: int32, page_token: string)
C1ApiRequestcatalogV1RequestCatalogManagementServiceListResponse (ContentType: string, RequestCatalogManagementServiceListResponse: RequestCatalogManagementServiceListResponse, StatusCode: int32 ...)
 RequestCatalogManagementServiceListResponse (expanded: array, list: array, nextPageToken: string)
   RequestCatalogManagementServiceListResponseExpanded (@type: string, AdditionalProperties: map)
C1ApiRequestcatalogV1RequestCatalogManagementServiceListAllEntitlementIdsPerAppRequest (catalog_id: string)
C1ApiRequestcatalogV1RequestCatalogManagementServiceListAllEntitlementIdsPerAppResponse (ContentType: string, RequestCatalogManagementServiceListAllEntitlementIdsPerCatalogResponse: RequestCatalogManagementServiceListAllEntitlementIdsPerCatalogResponse, StatusCode: int32 ...)
 RequestCatalogManagementServiceListAllEntitlementIdsPerCatalogResponse (refs: array)
C1ApiRequestcatalogV1RequestCatalogManagementServiceListEntitlementsForAccessRequest (catalog_id: string, page_size: int32, page_token: string)
C1ApiRequestcatalogV1RequestCatalogManagementServiceListEntitlementsForAccessResponse (ContentType: string, RequestCatalogManagementServiceListEntitlementsForAccessResponse: RequestCatalogManagementServiceListEntitlementsForAccessResponse, StatusCode: int32 ...)
 RequestCatalogManagementServiceListEntitlementsForAccessResponse (expanded: array, list: array, nextPageToken: string)
   RequestCatalogManagementServiceListEntitlementsForAccessResponseExpanded (@type: string, AdditionalProperties: map)
C1ApiRequestcatalogV1RequestCatalogManagementServiceListEntitlementsPerCatalogRequest (catalog_id: string, page_size: int32, page_token: string)
C1ApiRequestcatalogV1RequestCatalogManagementServiceListEntitlementsPerCatalogResponse (ContentType: string, RequestCatalogManagementServiceListEntitlementsPerCatalogResponse: RequestCatalogManagementServiceListEntitlementsPerCatalogResponse, StatusCode: int32 ...)
 RequestCatalogManagementServiceListEntitlementsPerCatalogResponse (expanded: array, list: array, nextPageToken: string)
   RequestCatalogManagementServiceListEntitlementsPerCatalogResponseExpanded (@type: string, AdditionalProperties: map)
C1ApiRequestcatalogV1RequestCatalogManagementServiceRemoveAccessEntitlementsRequest (RequestCatalogManagementServiceRemoveAccessEntitlementsRequest: RequestCatalogManagementServiceRemoveAccessEntitlementsRequest, catalog_id: string)
 RequestCatalogManagementServiceRemoveAccessEntitlementsRequest (accessEntitlements: array)
C1ApiRequestcatalogV1RequestCatalogManagementServiceRemoveAccessEntitlementsResponse (ContentType: string, RequestCatalogManagementServiceRemoveAccessEntitlementsResponse: RequestCatalogManagementServiceRemoveAccessEntitlementsResponse, StatusCode: int32 ...)
 RequestCatalogManagementServiceRemoveAccessEntitlementsResponse (empty)
C1ApiRequestcatalogV1RequestCatalogManagementServiceRemoveAppEntitlementsRequest (RequestCatalogManagementServiceRemoveAppEntitlementsRequest: RequestCatalogManagementServiceRemoveAppEntitlementsRequest, catalog_id: string)
 RequestCatalogManagementServiceRemoveAppEntitlementsRequest (appEntitlements: array)
C1ApiRequestcatalogV1RequestCatalogManagementServiceRemoveAppEntitlementsResponse (ContentType: string, RequestCatalogManagementServiceRemoveAppEntitlementsResponse: RequestCatalogManagementServiceRemoveAppEntitlementsResponse, StatusCode: int32 ...)
 RequestCatalogManagementServiceRemoveAppEntitlementsResponse (empty)
C1ApiRequestcatalogV1RequestCatalogManagementServiceResumePausedBundleAutomationRequest (ResumePausedBundleAutomationRequest: ResumePausedBundleAutomationRequest, request_catalog_id: string)
 ResumePausedBundleAutomationRequest (empty)
C1ApiRequestcatalogV1RequestCatalogManagementServiceResumePausedBundleAutomationResponse (ContentType: string, ResumePausedBundleAutomationResponse: ResumePausedBundleAutomationResponse, StatusCode: int32 ...)
 ResumePausedBundleAutomationResponse (empty)
C1ApiRequestcatalogV1RequestCatalogManagementServiceSetBundleAutomationRequest (SetBundleAutomationRequest: SetBundleAutomationRequest, request_catalog_id: string)
 SetBundleAutomationRequest (BundleAutomationRuleEntitlement: BundleAutomationRuleEntitlement, createTasks: boolean, disableCircuitBreaker: boolean ...)
C1ApiRequestcatalogV1RequestCatalogManagementServiceSetBundleAutomationResponse (BundleAutomation: BundleAutomation, ContentType: string, StatusCode: int32 ...)
C1ApiRequestcatalogV1RequestCatalogManagementServiceUpdateRequest (RequestCatalogManagementServiceUpdateRequest: RequestCatalogManagementServiceUpdateRequest, id: string)
 RequestCatalogManagementServiceUpdateRequest (RequestCatalog: RequestCatalog_input, RequestCatalogExpandMask: RequestCatalogExpandMask, updateMask: string)
  RequestCatalogInput (accessEntitlements: array, createdByUserId: string, description: string ...)
C1ApiRequestcatalogV1RequestCatalogManagementServiceUpdateResponse (ContentType: string, RequestCatalogManagementServiceGetResponse: RequestCatalogManagementServiceGetResponse, StatusCode: int32 ...)
C1ApiRequestcatalogV1RequestCatalogManagementServiceUpdateAppEntitlementsRequest (RequestCatalogManagementServiceUpdateAppEntitlementsRequest: RequestCatalogManagementServiceUpdateAppEntitlementsRequest, catalog_id: string)
 RequestCatalogManagementServiceUpdateAppEntitlementsRequest (appEntitlements: array)
C1ApiRequestcatalogV1RequestCatalogManagementServiceUpdateAppEntitlementsResponse (ContentType: string, RequestCatalogManagementServiceUpdateAppEntitlementsResponse: RequestCatalogManagementServiceUpdateAppEntitlementsResponse, StatusCode: int32 ...)
 RequestCatalogManagementServiceUpdateAppEntitlementsResponse (empty)
ConnectorCatalog (SDK empty)
ConnectorCatalogServiceConfigurationSchemaRequest (appId: string, catalogId: string, connectorId: string)
C1ApiIntegrationConnectorV1ConnectorCatalogServiceConfigurationSchemaResponse (ConnectorCatalogServiceConfigurationSchemaResponse: ConnectorCatalogServiceConfigurationSchemaResponse, ContentType: string, StatusCode: int32 ...)
 ConnectorCatalogServiceConfigurationSchemaResponse (ConfigSchema: ConfigSchema, Form: Form_input)
  ConfigSchema (displayName: string, fieldGroups: array, fields: array ...)
    FieldGroup (displayName: string, fieldNames: array, helpText: string ...)
    Field (CheckboxField: CheckboxField1, ImportField: ImportField, KeyValueField: KeyValueField ...)
     CheckboxField1 (checked: boolean)
     ImportField (StringRules: StringRules, allowedExtensions: array, secret: boolean)
     KeyValueField (secret: boolean)
     OAuth2Field (empty)
     OptionsField (empty)
     RandomStringField (length: int32)
     ReadOnlyField (empty)
     RotatableSecretField (empty)
     StringListField (StringRules: StringRules)
     StringMapField (optional: boolean)
Directory (SDK empty)
DirectoryServiceCreateRequest (DirectoryAccountFilterAll: DirectoryAccountFilterAll, DirectoryAccountFilterCel: DirectoryAccountFilterCel, DirectoryExpandMask: DirectoryExpandMask ...)
 DirectoryAccountFilterAll (empty)
 DirectoryAccountFilterCel (expression: string)
 DirectoryExpandMask (paths: array)
C1ApiDirectoryV1DirectoryServiceCreateResponse (ContentType: string, DirectoryServiceCreateResponse: DirectoryServiceCreateResponse, StatusCode: int32 ...)
 DirectoryServiceCreateResponse (DirectoryView: DirectoryView, expanded: array)
  DirectoryView (Directory: Directory, appPath: string)
   Directory (DirectoryAccountFilterAll: DirectoryAccountFilterAll, DirectoryAccountFilterCel: DirectoryAccountFilterCel, appId: string ...)
   DirectoryServiceCreateResponseExpanded (@type: string, AdditionalProperties: map)
C1ApiDirectoryV1DirectoryServiceDeleteRequest (DirectoryServiceDeleteRequest: DirectoryServiceDeleteRequest, app_id: string)
 DirectoryServiceDeleteRequest (empty)
C1ApiDirectoryV1DirectoryServiceDeleteResponse (ContentType: string, DirectoryServiceDeleteResponse: DirectoryServiceDeleteResponse, StatusCode: int32 ...)
 DirectoryServiceDeleteResponse (empty)
C1ApiDirectoryV1DirectoryServiceGetRequest (app_id: string)
C1ApiDirectoryV1DirectoryServiceGetResponse (ContentType: string, DirectoryServiceGetResponse: DirectoryServiceGetResponse, StatusCode: int32 ...)
 DirectoryServiceGetResponse (DirectoryView: DirectoryView, expanded: array)
   DirectoryServiceGetResponseExpanded (@type: string, AdditionalProperties: map)
C1ApiDirectoryV1DirectoryServiceListRequest (page_size: int32, page_token: string)
C1ApiDirectoryV1DirectoryServiceListResponse (ContentType: string, DirectoryServiceListResponse: DirectoryServiceListResponse, StatusCode: int32 ...)
 DirectoryServiceListResponse (expanded: array, list: array, nextPageToken: string)
   DirectoryServiceListResponseExpanded (@type: string, AdditionalProperties: map)
C1ApiDirectoryV1DirectoryServiceUpdateRequest (DirectoryServiceUpdateRequest: DirectoryServiceUpdateRequest, app_id: string)
 DirectoryServiceUpdateRequest (DirectoryAccountFilterAll: DirectoryAccountFilterAll, DirectoryAccountFilterCel: DirectoryAccountFilterCel, DirectoryExpandMask: DirectoryExpandMask)
C1ApiDirectoryV1DirectoryServiceUpdateResponse (ContentType: string, DirectoryServiceUpdateResponse: DirectoryServiceUpdateResponse, StatusCode: int32 ...)
 DirectoryServiceUpdateResponse (DirectoryView: DirectoryView, expanded: array)
   DirectoryServiceUpdateResponseExpanded (@type: string, AdditionalProperties: map)
Functions (SDK empty)
C1ApiFunctionsV1FunctionsServiceCommitRequest (FunctionsServiceCommitRequest: FunctionsServiceCommitRequest, function_id: string)
 FunctionsServiceCommitRequest (commitMessage: string, content: map)
C1ApiFunctionsV1FunctionsServiceCommitResponse (ContentType: string, FunctionsServiceCommitResponse: FunctionsServiceCommitResponse, StatusCode: int32 ...)
 FunctionsServiceCommitResponse (FunctionCommit: FunctionCommit)
  FunctionCommit (author: string, createdAt: date-time, functionId: string ...)
FunctionsServiceCreateFunctionRequest (commitMessage: string, description: string, displayName: string ...)
 FunctionsServiceCreateFunctionRequestFunctionType (enum: FUNCTION_TYPE_UNSPECIFIED, FUNCTION_TYPE_ANY)
C1ApiFunctionsV1FunctionsServiceCreateFunctionResponse (ContentType: string, FunctionsServiceCreateFunctionResponse: FunctionsServiceCreateFunctionResponse, StatusCode: int32 ...)
 FunctionsServiceCreateFunctionResponse (Function: Function, FunctionCommit: FunctionCommit)
  Function (createdAt: date-time, deletedAt: date-time, description: string ...)
   FunctionType (enum: FUNCTION_TYPE_UNSPECIFIED, FUNCTION_TYPE_ANY)
C1ApiFunctionsV1FunctionsServiceCreateTagRequest (FunctionsServiceCreateTagRequest: FunctionsServiceCreateTagRequest, function_id: string)
 FunctionsServiceCreateTagRequest (commitId: string, name: string)
C1ApiFunctionsV1FunctionsServiceCreateTagResponse (ContentType: string, FunctionsServiceCreateTagResponse: FunctionsServiceCreateTagResponse, StatusCode: int32 ...)
 FunctionsServiceCreateTagResponse (empty)
C1ApiFunctionsV1FunctionsServiceDeleteFunctionRequest (FunctionsServiceDeleteFunctionRequest: FunctionsServiceDeleteFunctionRequest, id: string)
 FunctionsServiceDeleteFunctionRequest (empty)
C1ApiFunctionsV1FunctionsServiceDeleteFunctionResponse (ContentType: string, FunctionsServiceDeleteFunctionResponse: FunctionsServiceDeleteFunctionResponse, StatusCode: int32 ...)
 FunctionsServiceDeleteFunctionResponse (empty)
C1ApiFunctionsV1FunctionsServiceGetCommitRequest (function_id: string, id: string)
C1ApiFunctionsV1FunctionsServiceGetCommitResponse (ContentType: string, FunctionsServiceGetCommitResponse: FunctionsServiceGetCommitResponse, StatusCode: int32 ...)
 FunctionsServiceGetCommitResponse (FunctionCommit: FunctionCommit, content: map)
C1ApiFunctionsV1FunctionsServiceGetFunctionRequest (id: string)
C1ApiFunctionsV1FunctionsServiceGetFunctionResponse (ContentType: string, FunctionsServiceGetFunctionResponse: FunctionsServiceGetFunctionResponse, StatusCode: int32 ...)
 FunctionsServiceGetFunctionResponse (Function: Function)
C1ApiFunctionsV1FunctionsServiceInvokeRequest (FunctionsServiceInvokeRequest: FunctionsServiceInvokeRequest, function_id: string)
 FunctionsServiceInvokeRequest (commitId: string, json: string)
C1ApiFunctionsV1FunctionsServiceInvokeResponse (ContentType: string, FunctionsServiceInvokeResponse: FunctionsServiceInvokeResponse, StatusCode: int32 ...)
 FunctionsServiceInvokeResponse (json: string)
C1ApiFunctionsV1FunctionsServiceListCommitsRequest (function_id: string)
C1ApiFunctionsV1FunctionsServiceListCommitsResponse (ContentType: string, FunctionsServiceListCommitsResponse: FunctionsServiceListCommitsResponse, StatusCode: int32 ...)
 FunctionsServiceListCommitsResponse (list: array, nextPageToken: string)
C1ApiFunctionsV1FunctionsServiceListFunctionsResponse (ContentType: string, FunctionsServiceListFunctionsResponse: FunctionsServiceListFunctionsResponse, StatusCode: int32 ...)
 FunctionsServiceListFunctionsResponse (list: array, nextPageToken: string)
C1ApiFunctionsV1FunctionsServiceListTagsRequest (function_id: string)
C1ApiFunctionsV1FunctionsServiceListTagsResponse (ContentType: string, FunctionsServiceListTagsResponse: FunctionsServiceListTagsResponse, StatusCode: int32 ...)
 FunctionsServiceListTagsResponse (tags: map)
FunctionsServiceUpdateFunctionRequest (Function: Function_input, updateMask: string)
 FunctionInput (description: string, displayName: string, functionType: enum ...)
C1ApiFunctionsV1FunctionsServiceUpdateFunctionResponse (ContentType: string, FunctionsServiceUpdateFunctionResponse: FunctionsServiceUpdateFunctionResponse, StatusCode: int32 ...)
 FunctionsServiceUpdateFunctionResponse (Function: Function)
PersonalClient (SDK empty)
PersonalClientServiceCreateRequest (allowSourceCidr: array, displayName: string, expires: string ...)
C1ApiIamV1PersonalClientServiceCreateResponse (ContentType: string, PersonalClientServiceCreateResponse: PersonalClientServiceCreateResponse, StatusCode: int32 ...)
 PersonalClientServiceCreateResponse (PersonalClient: PersonalClient, clientSecret: string)
  PersonalClient (allowSourceCidr: array, clientId: string, createdAt: date-time ...)
C1ApiIamV1PersonalClientServiceDeleteRequest (PersonalClientServiceDeleteRequest: PersonalClientServiceDeleteRequest, id: string)
 PersonalClientServiceDeleteRequest (empty)
C1ApiIamV1PersonalClientServiceDeleteResponse (ContentType: string, PersonalClientServiceDeleteResponse: PersonalClientServiceDeleteResponse, StatusCode: int32 ...)
 PersonalClientServiceDeleteResponse (empty)
C1ApiIamV1PersonalClientServiceGetRequest (id: string)
C1ApiIamV1PersonalClientServiceGetResponse (ContentType: string, PersonalClientServiceGetResponse: PersonalClientServiceGetResponse, StatusCode: int32 ...)
 PersonalClientServiceGetResponse (PersonalClient: PersonalClient)
C1ApiIamV1PersonalClientServiceListResponse (ContentType: string, PersonalClientServiceListResponse: PersonalClientServiceListResponse, StatusCode: int32 ...)
 PersonalClientServiceListResponse (list: array, nextPageToken: string)
C1ApiIamV1PersonalClientServiceUpdateRequest (PersonalClientServiceUpdateRequest: PersonalClientServiceUpdateRequest, id: string)
 PersonalClientServiceUpdateRequest (PersonalClient: PersonalClient_input, updateMask: string)
  PersonalClientInput (allowSourceCidr: array, displayName: string, expiresTime: date-time ...)
C1ApiIamV1PersonalClientServiceUpdateResponse (ContentType: string, PersonalClientServiceUpdateResponse: PersonalClientServiceUpdateResponse, StatusCode: int32 ...)
 PersonalClientServiceUpdateResponse (PersonalClient: PersonalClient)
Roles (SDK empty)
C1ApiIamV1RolesGetRequest (role_id: string)
C1ApiIamV1RolesGetResponse (ContentType: string, GetRolesResponse: GetRolesResponse, StatusCode: int32 ...)
 GetRolesResponse (Role: Role)
  Role (createdAt: date-time, deletedAt: date-time, displayName: string ...)
C1ApiIamV1RolesListRequest (page_size: int32, page_token: string)
C1ApiIamV1RolesListResponse (ContentType: string, ListRolesResponse: ListRolesResponse, StatusCode: int32 ...)
 ListRolesResponse (list: array, nextPageToken: string)
C1ApiIamV1RolesUpdateRequest (UpdateRoleRequest: UpdateRoleRequest, role_id: string)
 UpdateRoleRequest (Role: Role_input, updateMask: string)
  RoleInput (displayName: string, permissions: array, serviceRoles: array)
C1ApiIamV1RolesUpdateResponse (ContentType: string, StatusCode: int32, RawResponse: response ...)
 UpdateRolesResponse (Role: Role)
Policies (SDK empty)
CreatePolicyRequest (description: string, displayName: string, policySteps: map ...)
  PolicyStepsInput (steps: array)
    PolicyStepInput (Accept: Accept, Approval: Approval_input, Form: Form_input1 ...)
     Accept (acceptMessage: string)
     ApprovalInput (AgentApproval: AgentApproval, AppGroupApproval: AppGroupApproval, AppOwnerApproval: AppOwnerApproval ...)
      AgentApproval (agentFailureAction: enum, agentMode: enum, agentUserId: string ...)
       AgentFailureAction (enum: APPROVAL_AGENT_FAILURE_ACTION_UNSPECIFIED, APPROVAL_AGENT_FAILURE_ACTION_REASSIGN_TO_USERS, APPROVAL_AGENT_FAILURE_ACTION_REASSIGN_TO_SUPER_ADMINS ...)
       AgentMode (enum: APPROVAL_AGENT_MODE_UNSPECIFIED, APPROVAL_AGENT_MODE_FULL_CONTROL, APPROVAL_AGENT_MODE_CHANGE_POLICY_ONLY ...)
      AppGroupApproval (allowSelfApproval: boolean, appGroupId: string, appId: string ...)
        AppEntitlementReference (appEntitlementId: string, appId: string)
      AppOwnerApproval (allowSelfApproval: boolean, requireDistinctApprovers: boolean)
      EntitlementOwnerApproval (allowSelfApproval: boolean, fallback: boolean, fallbackUserIds: array ...)
      Escalation (ReassignToApprovers: ReassignToApprovers, ReplacePolicy: ReplacePolicy, escalationComment: string ...)
       ReassignToApprovers (approverIds: array)
       ReplacePolicy (policyId: string)
      ExpressionApprovalInput (allowSelfApproval: boolean, expressions: array, fallback: boolean ...)
      ManagerApprovalInput (allowSelfApproval: boolean, fallback: boolean, fallbackUserIds: array ...)
      ResourceOwnerApproval (allowSelfApproval: boolean, fallback: boolean, fallbackUserIds: array ...)
      SelfApprovalInput (fallback: boolean, fallbackUserIds: array)
      UserApproval (allowSelfApproval: boolean, requireDistinctApprovers: boolean, userIds: array)
      WebhookApproval (webhookId: string)
     FormInput1 (Form: Form_input)
     Provision (ProvisionPolicy: ProvisionPolicy_input, ProvisionTarget: ProvisionTarget, assigned: boolean)
      ProvisionTarget (appEntitlementId: string, appId: string, appUserId: string ...)
     Reject (rejectMessage: string)
     Wait (WaitCondition: WaitCondition, WaitDuration: WaitDuration, WaitUntilTime: WaitUntilTime ...)
      WaitCondition (condition: string)
      WaitDuration (duration: string)
      WaitUntilTime (hours: integer, minutes: integer, timezone: string)
 PolicyType (enum: POLICY_TYPE_UNSPECIFIED, POLICY_TYPE_GRANT, POLICY_TYPE_REVOKE ...)
  PolicyPostActions (certifyRemediateImmediately: boolean)
  Rule (condition: string, policyKey: string)
C1ApiPolicyV1PoliciesCreateResponse (ContentType: string, CreatePolicyResponse: CreatePolicyResponse, StatusCode: int32 ...)
 CreatePolicyResponse (Policy: Policy)
  Policy (createdAt: date-time, deletedAt: date-time, description: string ...)
    PolicySteps (steps: array)
      PolicyStep (Accept: Accept, Approval: Approval, Form: Form ...)
       Approval (AgentApproval: AgentApproval, AppGroupApproval: AppGroupApproval, AppOwnerApproval: AppOwnerApproval ...)
        ExpressionApproval (allowSelfApproval: boolean, assignedUserIds: array, expressions: array ...)
        ManagerApproval (allowSelfApproval: boolean, assignedUserIds: array, fallback: boolean ...)
        SelfApproval (assignedUserIds: array, fallback: boolean, fallbackUserIds: array)
       Form (Form: Form_input)
   PolicyPolicyType (enum: POLICY_TYPE_UNSPECIFIED, POLICY_TYPE_GRANT, POLICY_TYPE_REVOKE ...)
C1ApiPolicyV1PoliciesDeleteRequest (DeletePolicyRequest: DeletePolicyRequest, id: string)
 DeletePolicyRequest (empty)
C1ApiPolicyV1PoliciesDeleteResponse (ContentType: string, DeletePolicyResponse: DeletePolicyResponse, StatusCode: int32 ...)
 DeletePolicyResponse (empty)
C1ApiPolicyV1PoliciesGetRequest (id: string)
C1ApiPolicyV1PoliciesGetResponse (ContentType: string, GetPolicyResponse: GetPolicyResponse, StatusCode: int32 ...)
 GetPolicyResponse (Policy: Policy)
C1ApiPolicyV1PoliciesListRequest (page_size: int32, page_token: string)
C1ApiPolicyV1PoliciesListResponse (ContentType: string, ListPolicyResponse: ListPolicyResponse, StatusCode: int32 ...)
 ListPolicyResponse (list: array, nextPageToken: string)
C1ApiPolicyV1PoliciesUpdateRequest (UpdatePolicyRequest: UpdatePolicyRequest, id: string)
 UpdatePolicyRequest (Policy: Policy_input, updateMask: string)
  PolicyInput (description: string, displayName: string, policySteps: map ...)
C1ApiPolicyV1PoliciesUpdateResponse (ContentType: string, StatusCode: int32, RawResponse: response ...)
 UpdatePolicyResponse (Policy: Policy)
AccountProvisionPolicyTest (SDK empty)
TestAccountProvisionPolicyRequest (cel: string)
C1ApiPolicyV1AccountProvisionPolicyTestTestResponse (ContentType: string, StatusCode: int32, RawResponse: response ...)
 TestAccountProvisionPolicyResponse (type: string, value: string)
PolicyValidate (SDK empty)
C1ApiPolicyV1PolicyValidateValidateCelResponse (ContentType: string, EditorValidateResponse: EditorValidateResponse, StatusCode: int32 ...)
RequestSchema (SDK empty)
RequestSchemaServiceCreateRequest (description: string, fields: array, name: string)
C1ApiRequestSchemaV1RequestSchemaServiceCreateResponse (ContentType: string, RequestSchemaServiceCreateResponse: RequestSchemaServiceCreateResponse, StatusCode: int32 ...)
 RequestSchemaServiceCreateResponse (RequestSchema: RequestSchema)
  RequestSchema (Form: Form_input, createdAt: date-time, deletedAt: date-time ...)
RequestSchemaServiceCreateEntitlementBindingRequest (AppEntitlementRef: AppEntitlementRef, requestSchemaId: string)
C1ApiRequestSchemaV1RequestSchemaServiceCreateEntitlementBindingResponse (ContentType: string, RequestSchemaServiceCreateEntitlementBindingResponse: RequestSchemaServiceCreateEntitlementBindingResponse, StatusCode: int32 ...)
 RequestSchemaServiceCreateEntitlementBindingResponse (AppEntitlementRef: AppEntitlementRef, requestSchemaId: string)
C1ApiRequestSchemaV1RequestSchemaServiceDeleteRequest (RequestSchemaServiceDeleteRequest: RequestSchemaServiceDeleteRequest, request_schema_id: string)
 RequestSchemaServiceDeleteRequest (empty)
C1ApiRequestSchemaV1RequestSchemaServiceDeleteResponse (ContentType: string, RequestSchemaServiceDeleteResponse: RequestSchemaServiceDeleteResponse, StatusCode: int32 ...)
 RequestSchemaServiceDeleteResponse (empty)
RequestSchemaServiceFindBindingForAppEntitlementRequest (AppEntitlementRef: AppEntitlementRef)
C1ApiRequestSchemaV1RequestSchemaServiceFindBindingForAppEntitlementResponse (ContentType: string, RequestSchemaServiceFindBindingForAppEntitlementResponse: RequestSchemaServiceFindBindingForAppEntitlementResponse, StatusCode: int32 ...)
 RequestSchemaServiceFindBindingForAppEntitlementResponse (AppEntitlementRef: AppEntitlementRef, requestSchemaId: string)
C1ApiRequestSchemaV1RequestSchemaServiceGetRequest (request_schema_id: string)
C1ApiRequestSchemaV1RequestSchemaServiceGetResponse (ContentType: string, RequestSchemaServiceGetResponse: RequestSchemaServiceGetResponse, StatusCode: int32 ...)
 RequestSchemaServiceGetResponse (RequestSchema: RequestSchema)
RequestSchemaServiceRemoveEntitlementBindingRequest (AppEntitlementRef: AppEntitlementRef, requestSchemaId: string)
C1ApiRequestSchemaV1RequestSchemaServiceRemoveEntitlementBindingResponse (ContentType: string, RequestSchemaServiceRemoveEntitlementBindingResponse: RequestSchemaServiceRemoveEntitlementBindingResponse, StatusCode: int32 ...)
 RequestSchemaServiceRemoveEntitlementBindingResponse (empty)
C1ApiRequestSchemaV1RequestSchemaServiceUpdateRequest (RequestSchemaServiceUpdateRequest: RequestSchemaServiceUpdateRequest, request_schema_id: string)
 RequestSchemaServiceUpdateRequest (RequestSchema: RequestSchema, updateMask: string)
C1ApiRequestSchemaV1RequestSchemaServiceUpdateResponse (ContentType: string, RequestSchemaServiceUpdateResponse: RequestSchemaServiceUpdateResponse, StatusCode: int32 ...)
 RequestSchemaServiceUpdateResponse (RequestSchema: RequestSchema)
AppResourceSearch (SDK empty)
SearchAppResourceTypesRequest (appIds: array, appUserIds: array, displayName: string ...)
C1ApiAppV1AppResourceSearchSearchAppResourceTypesResponse (ContentType: string, SearchAppResourceTypesResponse: SearchAppResourceTypesResponse, StatusCode: int32 ...)
 SearchAppResourceTypesResponse (list: array, nextPageToken: string)
SearchAppResourcesRequest (appId: string, appUserIds: array, excludeDeletedResourceBindings: boolean ...)
  AppResourceRef (appId: string, appResourceTypeId: string, id: string)
C1ApiAppV1AppResourceSearchSearchAppResourcesResponse (ContentType: string, SearchAppResourcesResponse: SearchAppResourcesResponse, StatusCode: int32 ...)
 SearchAppResourcesResponse (expanded: array, list: array, nextPageToken: string)
   SearchAppResourcesResponseExpanded (@type: string, AdditionalProperties: map)
AppSearch (SDK empty)
SearchAppsRequest (appIds: array, displayName: string, excludeAppIds: array ...)
C1ApiAppV1AppSearchSearchResponse (ContentType: string, SearchAppsResponse: SearchAppsResponse, StatusCode: int32 ...)
 SearchAppsResponse (list: array, nextPageToken: string)
AttributeSearch (SDK empty)
SearchAttributeValuesRequest (attributeTypeIds: array, excludeIds: array, ids: array ...)
C1ApiAttributeV1AttributeSearchSearchAttributeValuesResponse (ContentType: string, SearchAttributeValuesResponse: SearchAttributeValuesResponse, StatusCode: int32 ...)
 SearchAttributeValuesResponse (list: array, nextPageToken: string)
FunctionsSearch (SDK empty)
FunctionsSearchRequest (functionTypes: array, pageSize: int32, pageToken: string ...)
  FunctionTypes (enum: FUNCTION_TYPE_UNSPECIFIED, FUNCTION_TYPE_ANY)
C1ApiFunctionsV1FunctionsSearchSearchResponse (ContentType: string, FunctionsSearchResponse: FunctionsSearchResponse, StatusCode: int32 ...)
 FunctionsSearchResponse (list: array, nextPageToken: string)
PersonalClientSearch (SDK empty)
PersonalClientSearchServiceSearchRequest (pageSize: int32, pageToken: string, query: string ...)
C1ApiIamV1PersonalClientSearchServiceSearchResponse (ContentType: string, PersonalClientSearchServiceSearchResponse: PersonalClientSearchServiceSearchResponse, StatusCode: int32 ...)
 PersonalClientSearchServiceSearchResponse (list: array, nextPageToken: string)
PolicySearch (SDK empty)
SearchPoliciesRequest (displayName: string, excludePolicyIds: array, includeDeleted: boolean ...)
  PolicyTypes (enum: POLICY_TYPE_UNSPECIFIED, POLICY_TYPE_GRANT, POLICY_TYPE_REVOKE ...)
C1ApiPolicyV1PolicySearchSearchResponse (ContentType: string, SearchPoliciesResponse: SearchPoliciesResponse, StatusCode: int32 ...)
 SearchPoliciesResponse (list: array, nextPageToken: string)
RequestCatalogSearch (SDK empty)
RequestCatalogSearchServiceSearchEntitlementsRequest (AppEntitlementExpandMask: AppEntitlementExpandMask, appDisplayName: string, entitlementAlias: string ...)
 GrantedStatus (enum: UNSPECIFIED, ALL, GRANTED ...)
C1ApiRequestcatalogV1RequestCatalogSearchServiceSearchEntitlementsResponse (ContentType: string, RequestCatalogSearchServiceSearchEntitlementsResponse: RequestCatalogSearchServiceSearchEntitlementsResponse, StatusCode: int32 ...)
 RequestCatalogSearchServiceSearchEntitlementsResponse (expanded: array, list: array, nextPageToken: string)
   RequestCatalogSearchServiceSearchEntitlementsResponseExpanded (@type: string, AdditionalProperties: map)
   AppEntitlementWithUserBindings (AppEntitlementView: AppEntitlementView, appEntitlementUserBindings: array)
StepUpProvider (SDK empty)
CreateStepUpProviderRequest (StepUpMicrosoftSettings: StepUpMicrosoftSettings, StepUpOAuth2Settings: StepUpOAuth2Settings, clientId: string ...)
 StepUpMicrosoftSettings (conditionalAccessIds: array, tenant: string)
 StepUpOAuth2Settings (acrValues: array)
C1ApiStepupV1StepUpProviderServiceCreateResponse (ContentType: string, CreateStepUpProviderResponse: CreateStepUpProviderResponse, StatusCode: int32 ...)
 CreateStepUpProviderResponse (StepUpProvider: StepUpProvider)
  StepUpProvider (StepUpMicrosoftSettings: StepUpMicrosoftSettings, StepUpOAuth2Settings: StepUpOAuth2Settings, clientId: string ...)
C1ApiStepupV1StepUpProviderServiceDeleteRequest (DeleteStepUpProviderRequest: DeleteStepUpProviderRequest, id: string)
 DeleteStepUpProviderRequest (empty)
C1ApiStepupV1StepUpProviderServiceDeleteResponse (ContentType: string, DeleteStepUpProviderResponse: DeleteStepUpProviderResponse, StatusCode: int32 ...)
 DeleteStepUpProviderResponse (empty)
C1ApiStepupV1StepUpProviderServiceGetRequest (id: string)
C1ApiStepupV1StepUpProviderServiceGetResponse (ContentType: string, GetStepUpProviderResponse: GetStepUpProviderResponse, StatusCode: int32 ...)
 GetStepUpProviderResponse (StepUpProvider: StepUpProvider)
C1ApiStepupV1StepUpProviderServiceListResponse (ContentType: string, ListStepUpProvidersResponse: ListStepUpProvidersResponse, StatusCode: int32 ...)
 ListStepUpProvidersResponse (list: array, nextPageToken: string)
SearchStepUpProvidersRequest (pageSize: int32, pageToken: string, providerType: enum ...)
 ProviderType (enum: PROVIDER_TYPE_UNSPECIFIED, PROVIDER_TYPE_OAUTH2, PROVIDER_TYPE_MICROSOFT)
  StepUpProviderRef (id: string)
C1ApiStepupV1StepUpProviderServiceSearchResponse (ContentType: string, SearchStepUpProvidersResponse: SearchStepUpProvidersResponse, StatusCode: int32 ...)
 SearchStepUpProvidersResponse (list: array, nextPageToken: string)
C1ApiStepupV1StepUpProviderServiceTestRequest (TestStepUpProviderRequest: TestStepUpProviderRequest, id: string)
 TestStepUpProviderRequest (empty)
C1ApiStepupV1StepUpProviderServiceTestResponse (ContentType: string, StatusCode: int32, RawResponse: response ...)
 TestStepUpProviderResponse (redirectUrl: string)
C1ApiStepupV1StepUpProviderServiceUpdateRequest (UpdateStepUpProviderRequest: UpdateStepUpProviderRequest, id: string)
 UpdateStepUpProviderRequest (StepUpProvider: StepUpProvider_input, updateMask: string)
  StepUpProviderInput (StepUpMicrosoftSettings: StepUpMicrosoftSettings, StepUpOAuth2Settings: StepUpOAuth2Settings, clientId: string ...)
C1ApiStepupV1StepUpProviderServiceUpdateResponse (ContentType: string, StatusCode: int32, RawResponse: response ...)
 UpdateStepUpProviderResponse (StepUpProvider: StepUpProvider)
C1ApiStepupV1StepUpProviderServiceUpdateSecretRequest (UpdateStepUpProviderSecretRequest: UpdateStepUpProviderSecretRequest, id: string)
 UpdateStepUpProviderSecretRequest (clientSecret: string)
C1ApiStepupV1StepUpProviderServiceUpdateSecretResponse (ContentType: string, StatusCode: int32, RawResponse: response ...)
 UpdateStepUpProviderSecretResponse (StepUpProvider: StepUpProvider)
StepUpTransaction (SDK empty)
C1ApiStepupV1StepUpTransactionServiceGetRequest (id: string)
C1ApiStepupV1StepUpTransactionServiceGetResponse (ContentType: string, GetStepUpTransactionResponse: GetStepUpTransactionResponse, StatusCode: int32 ...)
 GetStepUpTransactionResponse (StepUpTransaction: StepUpTransaction)
  StepUpTransaction (TargetTask: TargetTask, TargetTest: TargetTest, claims: map ...)
   TargetTask (policyStepId: string, taskId: string)
   TargetTest (empty)
   StepUpTransactionState (enum: STEP_UP_TRANSACTION_STATE_UNSPECIFIED, STEP_UP_TRANSACTION_STATE_PENDING, STEP_UP_TRANSACTION_STATE_VERIFIED ...)
SearchStepUpTransactionsRequest (createdAfter: date-time, createdBefore: date-time, pageSize: int32 ...)
 SearchStepUpTransactionsRequestState (enum: STEP_UP_TRANSACTION_STATE_UNSPECIFIED, STEP_UP_TRANSACTION_STATE_PENDING, STEP_UP_TRANSACTION_STATE_VERIFIED ...)
 TargetType (enum: TARGET_TYPE_UNSPECIFIED, TARGET_TYPE_TICKET, TARGET_TYPE_TEST)
C1ApiStepupV1StepUpTransactionServiceSearchResponse (ContentType: string, SearchStepUpTransactionsResponse: SearchStepUpTransactionsResponse, StatusCode: int32 ...)
 SearchStepUpTransactionsResponse (list: array, nextPageToken: string)
ExportsSearch (SDK empty)
ExportsSearchServiceSearchRequest (displayName: string, pageSize: int32, pageToken: string ...)
  ExporterRef (exportId: string)
C1ApiSystemlogV1ExportsSearchServiceSearchResponse (ContentType: string, ExportsSearchServiceSearchResponse: ExportsSearchServiceSearchResponse, StatusCode: int32 ...)
 ExportsSearchServiceSearchResponse (list: array, nextPageToken: string)
   Exporter (ExportToDatasource: ExportToDatasource, createdAt: date-time, deletedAt: date-time ...)
    ExportToDatasource (datasourceId: string, format: enum, prefix: string)
     Format (enum: EXPORT_FORMAT_UNSPECIFIED, EXPORT_FORMAT_OCSF_JSON_ZSTD, EXPORT_FORMAT_OCSF_JSON_GZIP)
    ExporterState (enum: EXPORT_STATE_UNSPECIFIED, EXPORT_STATE_EXPORTING, EXPORT_STATE_WAITING ...)
TaskSearch (SDK empty)
TaskSearchRequest (TaskExpandMask: TaskExpandMask, accessReviewIds: array, accountOwnerIds: array ...)
 TaskExpandMask (paths: array)
  AccountTypes (enum: APP_USER_TYPE_UNSPECIFIED, APP_USER_TYPE_USER, APP_USER_TYPE_SERVICE_ACCOUNT ...)
  CertifyOutcomes (enum: CERTIFY_OUTCOME_UNSPECIFIED, CERTIFY_OUTCOME_CERTIFIED, CERTIFY_OUTCOME_DECERTIFIED ...)
 CurrentStep (enum: TASK_SEARCH_CURRENT_STEP_UNSPECIFIED, TASK_SEARCH_CURRENT_STEP_APPROVAL, TASK_SEARCH_CURRENT_STEP_PROVISION)
 EmergencyStatus (enum: UNSPECIFIED, ALL, NON_EMERGENCY ...)
  GrantOutcomes (enum: GRANT_OUTCOME_UNSPECIFIED, GRANT_OUTCOME_GRANTED, GRANT_OUTCOME_DENIED ...)
  TaskRef (id: string)
  RevokeOutcomes (enum: REVOKE_OUTCOME_UNSPECIFIED, REVOKE_OUTCOME_REVOKED, REVOKE_OUTCOME_DENIED ...)
 SortBy (enum: TASK_SEARCH_SORT_BY_UNSPECIFIED, TASK_SEARCH_SORT_BY_ACCOUNT, TASK_SEARCH_SORT_BY_RESOURCE ...)
  StepApprovalTypes (enum: STEP_APPROVAL_TYPE_UNSPECIFIED, STEP_APPROVAL_TYPE_USERS, STEP_APPROVAL_TYPE_MANAGER ...)
  TaskStates (enum: TASK_STATE_UNSPECIFIED, TASK_STATE_OPEN, TASK_STATE_CLOSED)
  TaskTypeInput (TaskTypeCertify: TaskTypeCertify_input, TaskTypeGrant: TaskTypeGrant_input, TaskTypeOffboarding: TaskTypeOffboarding_input ...)
   TaskTypeCertifyInput (empty)
   TaskTypeGrantInput (TaskGrantSource: TaskGrantSource)
    TaskGrantSource (conversationId: string, externalUrl: string, integrationId: string ...)
   TaskTypeOffboardingInput (empty)
   TaskTypeRevokeInput (TaskRevokeSource: TaskRevokeSource)
    TaskRevokeSource (TaskRevokeSourceExpired: TaskRevokeSourceExpired, TaskRevokeSourceNonUsage: TaskRevokeSourceNonUsage, TaskRevokeSourceRequest: TaskRevokeSourceRequest ...)
     TaskRevokeSourceExpired (expiredAt: date-time)
     TaskRevokeSourceNonUsage (expiresAt: date-time, lastLogin: date-time)
     TaskRevokeSourceRequest (requestUserId: string)
     TaskRevokeSourceReview (accessReviewId: string, certTicketId: string)
C1ApiTaskV1TaskSearchServiceSearchResponse (ContentType: string, StatusCode: int32, RawResponse: response ...)
 TaskSearchResponse (expanded: array, list: array, nextPageToken: string)
   TaskSearchResponseExpanded (@type: string, AdditionalProperties: map)
   TaskView (Task: Task, accessReviewPath: string, appPath: string ...)
    Task (Form: Form_input, PolicyInstance: PolicyInstance, TaskType: TaskType ...)
     PolicyInstance (Policy: Policy, PolicyStepInstance: PolicyStepInstance, history: array ...)
      PolicyStepInstance (AcceptInstance: AcceptInstance, ApprovalInstance: ApprovalInstance, FormInstance: FormInstance ...)
       AcceptInstance (acceptMessage: string)
       ApprovalInstance (Approval: Approval, ApprovedAction: ApprovedAction, DeniedAction: DeniedAction ...)
        ApprovedAction (approvedAt: date-time, entitlements: array, stepUpTransactionId: string ...)
        DeniedAction (deniedAt: date-time, userId: string)
        EscalationInstance (ReassignToApprovers: ReassignToApprovers, ReplacePolicy: ReplacePolicy, alreadyEscalated: boolean ...)
        ReassignedAction (newPolicyStepId: string, reassignedAt: date-time, userId: string)
        ReassignedByErrorAction (description: string, errorCode: string, errorUserId: string ...)
        RestartAction (oldPolicyStepId: string, restartedAt: date-time, userId: string)
        SkippedAction (newPolicyStepId: string, skippedAt: date-time, userId: string)
        ApprovalInstanceState (enum: APPROVAL_INSTANCE_STATE_UNSPECIFIED, APPROVAL_INSTANCE_STATE_INIT, APPROVAL_INSTANCE_STATE_SENDING_NOTIFICATIONS ...)
       FormInstance (Form: Form_input, FormCompletedAction: FormCompletedAction, ReassignedAction: ReassignedAction ...)
        FormCompletedAction (completedAt: date-time, userId: string)
        FormInstanceState (enum: FORM_INSTANCE_STATE_UNSPECIFIED, FORM_INSTANCE_STATE_WAITING, FORM_INSTANCE_STATE_DONE)
       ProvisionInstance (CancelledAction: CancelledAction, CompletedAction: CompletedAction, ErroredAction: ErroredAction ...)
        CancelledAction (cancelledAt: date-time, cancelledByUserId: string)
        CompletedAction (completedAt: date-time, entitlements: array, userId: string)
        ErroredAction (description: string, errorCode: string, erroredAt: date-time)
        ProvisionInstanceState (enum: PROVISION_INSTANCE_STATE_UNSPECIFIED, PROVISION_INSTANCE_STATE_INIT, PROVISION_INSTANCE_STATE_CREATE_CONNECTOR_ACTIONS_FOR_TARGET ...)
       RejectInstance (rejectMessage: string)
       WaitInstance (ConditionSucceeded: ConditionSucceeded, ConditionTimedOut: ConditionTimedOut, SkippedAction: SkippedAction ...)
        ConditionSucceeded (succeededAt: date-time)
        ConditionTimedOut (timedOutAt: date-time)
        WaitConditionInstance (condition: string)
        WaitUntilTimeInstance (durationIfExists: string, untilTime: date-time)
        WaitInstanceState (enum: WAIT_INSTANCE_STATE_UNSPECIFIED, WAIT_INSTANCE_STATE_WAITING, WAIT_INSTANCE_STATE_COMPLETED ...)
       PolicyStepInstanceState (enum: POLICY_STEP_STATE_UNSPECIFIED, POLICY_STEP_STATE_ACTIVE, POLICY_STEP_STATE_DONE)
     TaskType (TaskTypeCertify: TaskTypeCertify, TaskTypeGrant: TaskTypeGrant, TaskTypeOffboarding: TaskTypeOffboarding ...)
      TaskTypeCertify (accessReviewId: string, accessReviewSelection: string, appEntitlementId: string ...)
       TaskTypeCertifyOutcome (enum: CERTIFY_OUTCOME_UNSPECIFIED, CERTIFY_OUTCOME_CERTIFIED, CERTIFY_OUTCOME_DECERTIFIED ...)
      TaskTypeGrant (TaskGrantSource: TaskGrantSource, appEntitlementId: string, appId: string ...)
       TaskTypeGrantOutcome (enum: GRANT_OUTCOME_UNSPECIFIED, GRANT_OUTCOME_GRANTED, GRANT_OUTCOME_DENIED ...)
      TaskTypeOffboarding (outcome: enum, outcomeTime: date-time, subjectUserId: string)
       TaskTypeOffboardingOutcome (enum: OFFBOARDING_OUTCOME_UNSPECIFIED, OFFBOARDING_OUTCOME_IN_PROGRESS, OFFBOARDING_OUTCOME_DONE ...)
      TaskTypeRevoke (TaskRevokeSource: TaskRevokeSource, appEntitlementId: string, appId: string ...)
       TaskTypeRevokeOutcome (enum: REVOKE_OUTCOME_UNSPECIFIED, REVOKE_OUTCOME_REVOKED, REVOKE_OUTCOME_DENIED ...)
      Actions (enum: TASK_ACTION_TYPE_UNSPECIFIED, TASK_ACTION_TYPE_CLOSE, TASK_ACTION_TYPE_APPROVE ...)
      Annotations (@type: string, AdditionalProperties: map)
      ExternalRef (externalRefSource: enum, name: string, url: string)
       ExternalRefSource (enum: UNSPECIFIED, JIRA)
     Origin (enum: TASK_ORIGIN_UNSPECIFIED, TASK_ORIGIN_PROFILE_MEMBERSHIP_AUTOMATION, TASK_ORIGIN_SLACK ...)
     Processing (enum: TASK_PROCESSING_TYPE_UNSPECIFIED, TASK_PROCESSING_TYPE_PROCESSING, TASK_PROCESSING_TYPE_WAITING ...)
     Recommendation (enum: INSIGHT_RECOMMENDATION_UNSPECIFIED, INSIGHT_RECOMMENDATION_APPROVE, INSIGHT_RECOMMENDATION_DENY ...)
     TaskState (enum: TASK_STATE_UNSPECIFIED, TASK_STATE_OPEN, TASK_STATE_CLOSED)
UserSearch (SDK empty)
SearchUsersRequest (UserExpandMask: UserExpandMask, departments: array, email: string ...)
 UserExpandMask (paths: array)
  ExcludeTypes (enum: USER_TYPE_UNSPECIFIED, USER_TYPE_SYSTEM, USER_TYPE_HUMAN ...)
  UserStatuses (enum: UNKNOWN, ENABLED, DISABLED ...)
C1ApiUserV1UserSearchSearchResponse (ContentType: string, SearchUsersResponse: SearchUsersResponse, StatusCode: int32 ...)
 SearchUsersResponse (expanded: array, list: array, nextPageToken: string)
   SearchUsersResponseExpanded (@type: string, AdditionalProperties: map)
   UserView (User: User, delegatedUserPath: string, directoriesPath: string ...)
WebhooksSearch (SDK empty)
WebhooksSearchRequest (pageSize: int32, pageToken: string, query: string ...)
  WebhookRef (id: string)
C1ApiWebhooksV1WebhooksSearchSearchResponse (ContentType: string, StatusCode: int32, RawResponse: response ...)
 WebhooksSearchResponse (list: array, nextPageToken: string)
   Webhook1 (createdAt: date-time, deletedAt: date-time, description: string ...)
AwsExternalIdSettings (SDK empty)
C1ApiSettingsV1AwsExternalIdSettingsGetResponse (ContentType: string, GetAWSExternalIDResponse: GetAWSExternalIDResponse, StatusCode: int32 ...)
 GetAwsExternalIdResponse (AWSExternalID: AWSExternalID)
  AwsExternalId (externalId: string)
OrgDomain (SDK empty)
C1ApiSettingsV1OrgDomainServiceListRequest (page_size: int32, page_token: string)
C1ApiSettingsV1OrgDomainServiceListResponse (ContentType: string, ListOrgDomainsResponse: ListOrgDomainsResponse, StatusCode: int32 ...)
 ListOrgDomainsResponse (list: array, nextPageToken: string)
   OrgDomain (createdAt: date-time, deletedAt: date-time, domain: string ...)
UpdateOrgDomainRequest (newDomains: array)
C1ApiSettingsV1OrgDomainServiceUpdateResponse (ContentType: string, StatusCode: int32, RawResponse: response ...)
 UpdateOrgDomainResponse (list: array)
SessionSettings (SDK empty)
C1ApiSettingsV1SessionSettingsServiceGetResponse (ContentType: string, GetSessionSettingsResponse: GetSessionSettingsResponse, StatusCode: int32 ...)
 GetSessionSettingsResponse (SessionSettings: SessionSettings)
  SessionSettings (CIDRRestriction: CIDRRestriction, CIDRRestriction1: CIDRRestriction, CIDRRestriction2: CIDRRestriction ...)
   CidrRestriction (enabled: boolean, sourceCidr: array)
TestSourceIpRequest (allowCidr: array, sourceIp: string)
C1ApiSettingsV1SessionSettingsServiceTestSourceIpResponse (ContentType: string, StatusCode: int32, RawResponse: response ...)
 TestSourceIpResponse (Status: Status, allowed: boolean, checkedIp: string)
  Status (code: int32, details: array, message: string)
    Details (@type: string, AdditionalProperties: map)
UpdateSessionSettingsRequest (SessionSettings: SessionSettings, updateMask: string)
C1ApiSettingsV1SessionSettingsServiceUpdateResponse (ContentType: string, StatusCode: int32, RawResponse: response ...)
 UpdateSessionSettingsResponse (SessionSettings: SessionSettings)
SystemLog (SDK empty)
SystemLogServiceListEventsRequest (pageSize: int32, pageToken: string, since: date-time ...)
 SortDirection (enum: SORT_DIRECTION_UNSPECIFIED, SORT_DIRECTION_ASC, SORT_DIRECTION_DESC)
C1ApiSystemlogV1SystemLogServiceListEventsResponse (ContentType: string, StatusCode: int32, RawResponse: response ...)
 SystemLogServiceListEventsResponse (list: array, nextPageToken: string)
Export (SDK empty)
ExportServiceCreateRequest (ExportToDatasource: ExportToDatasource, displayName: string)
C1ApiSystemlogV1ExportServiceCreateResponse (ContentType: string, ExportServiceCreateResponse: ExportServiceCreateResponse, StatusCode: int32 ...)
 ExportServiceCreateResponse (Exporter: Exporter)
C1ApiSystemlogV1ExportServiceDeleteRequest (ExportServiceDeleteRequest: ExportServiceDeleteRequest, export_id: string)
 ExportServiceDeleteRequest (empty)
C1ApiSystemlogV1ExportServiceDeleteResponse (ContentType: string, ExportServiceDeleteResponse: ExportServiceDeleteResponse, StatusCode: int32 ...)
 ExportServiceDeleteResponse (empty)
C1ApiSystemlogV1ExportServiceGetRequest (export_id: string)
C1ApiSystemlogV1ExportServiceGetResponse (ContentType: string, ExportServiceGetResponse: ExportServiceGetResponse, StatusCode: int32 ...)
 ExportServiceGetResponse (Exporter: Exporter)
C1ApiSystemlogV1ExportServiceListRequest (page_size: int32, page_token: string)
C1ApiSystemlogV1ExportServiceListResponse (ContentType: string, ExportServiceListResponse: ExportServiceListResponse, StatusCode: int32 ...)
 ExportServiceListResponse (list: array, nextPageToken: string)
C1ApiSystemlogV1ExportServiceListEventsRequest (ExportServiceListEventsRequest: ExportServiceListEventsRequest, export_id: string)
 ExportServiceListEventsRequest (pageSize: int32, pageToken: string)
C1ApiSystemlogV1ExportServiceListEventsResponse (ContentType: string, ExportServiceListEventsResponse: ExportServiceListEventsResponse, StatusCode: int32 ...)
 ExportServiceListEventsResponse (list: array, nextPageToken: string)
C1ApiSystemlogV1ExportServiceUpdateRequest (ExportServiceUpdateRequest: ExportServiceUpdateRequest, export_id: string)
 ExportServiceUpdateRequest (Exporter: Exporter_input, updateMask: string)
  ExporterInput (ExportToDatasource: ExportToDatasource, displayName: string)
C1ApiSystemlogV1ExportServiceUpdateResponse (ContentType: string, ExportServiceUpdateResponse: ExportServiceUpdateResponse, StatusCode: int32 ...)
 ExportServiceUpdateResponse (Exporter: Exporter)
TaskAudit (SDK empty)
TaskAuditListRequest (pageSize: int32, pageToken: string, refs: array ...)
  TaskAuditViewRef (id: string)
C1ApiTaskV1TaskAuditListResponse (ContentType: string, StatusCode: int32, RawResponse: response ...)
 TaskAuditListResponse (list: array, nextPageToken: string)
   TaskAuditView (TaskAuditAccessRequestOutcome: TaskAuditAccessRequestOutcome, TaskAuditAccountLifecycleActionCreated: TaskAuditAccountLifecycleActionCreated, TaskAuditAccountLifecycleActionFailed: TaskAuditAccountLifecycleActionFailed ...)
    TaskAuditAccessRequestOutcome (outcome: enum)
     Outcome (enum: ACCESS_REQUEST_OUTCOME_UNSPECIFIED, ACCESS_REQUEST_OUTCOME_APPROVED, ACCESS_REQUEST_OUTCOME_DENIED ...)
    TaskAuditAccountLifecycleActionCreated (batonActionDisplayName: string, batonActionInvocationId: string, batonActionName: string ...)
    TaskAuditAccountLifecycleActionFailed (batonActionDisplayName: string, batonActionInvocationId: string, batonActionName: string ...)
    TaskAuditActionSubmitted (TaskAction: TaskAction1)
     TaskAction1 (actionType: enum, bulkActionId: string, createdAt: date-time ...)
      ActionType (enum: TASK_ACTION_TYPE_UNSPECIFIED, TASK_ACTION_TYPE_CLOSE, TASK_ACTION_TYPE_APPROVE ...)
    TaskAuditApprovalAutoAcceptedByPolicy (empty)
    TaskAuditApprovalAutoRejectedByPolicy (empty)
    TaskAuditApprovalHappenedAutomatically (empty)
    TaskAuditApprovalInstanceChange (ApprovalInstance: ApprovalInstance)
    TaskAuditBulkActionError (error: string)
    TaskAuditCertifyOutcome (outcome: enum)
     TaskAuditCertifyOutcomeOutcome (enum: CERTIFY_OUTCOME_UNSPECIFIED, CERTIFY_OUTCOME_CERTIFIED, CERTIFY_OUTCOME_DECERTIFIED ...)
    TaskAuditComment (comment: string, updatedAt: date-time, updatedBy: string)
    TaskAuditConditionalPolicyExecutionResult (condition: string, conditionMatched: boolean, defaultCondition: boolean ...)
    TaskAuditConnectorActionResult (TaskAuditCancelledResult: TaskAuditCancelledResult, TaskAuditErrorResult: TaskAuditErrorResult, TaskAuditSuccessResult: TaskAuditSuccessResult ...)
     TaskAuditCancelledResult (empty)
     TaskAuditErrorResult (errorCount: integer, errorReason: string)
     TaskAuditSuccessResult (annotations: array)
       TaskAuditSuccessResultAnnotations (@type: string, AdditionalProperties: map)
    TaskAuditEscalateToEmergencyAccess (oldPolicyId: string, oldPolicyStepId: string)
    TaskAuditExpressionPolicyStepError (error: string)
    TaskAuditExternalTicketCreated (appId: string, connectorId: string, externalTicketId: string ...)
    TaskAuditExternalTicketError (errorMessage: string)
    TaskAuditExternalTicketProvisionStepResolved (appId: string, connectorId: string, externalTicketId: string ...)
    TaskAuditExternalTicketTriggered (appId: string, connectorId: string, externalTicketId: string ...)
    TaskAuditFinishedConnectorActions (policyStepId: string)
    TaskAuditFormInstanceChange (isValid: boolean)
    TaskAuditGrantDurationUpdated (duration: string)
    TaskAuditGrantOutcome (outcome: enum)
     TaskAuditGrantOutcomeOutcome (enum: GRANT_OUTCOME_UNSPECIFIED, GRANT_OUTCOME_GRANTED, GRANT_OUTCOME_DENIED ...)
    TaskAuditHardReset (oldPolicyStepId: string)
    TaskAuditMetaData (User: User)
    TaskAuditNewTask (empty)
    TaskAuditPolicyApprovalReassigned (newPolicyStepId: string, newUsers: array, oldPolicyStepId: string ...)
    TaskAuditPolicyChanged (newPolicyId: string, oldPolicyId: string)
    TaskAuditPolicyEvaluationStep (stepComment: string)
    TaskAuditPolicyProvisionCancelled (cancelReason: string)
    TaskAuditPolicyProvisionError (error: string)
    TaskAuditPolicyProvisionReassigned (newPolicyStepId: string, newUsers: array, oldPolicyStepId: string ...)
    TaskAuditReassignedToDelegate (User: User, User1: User, delegatedAssigneeUserId: string ...)
    TaskAuditReassignmentListError (errorMessage: string)
    TaskAuditRestart (oldPolicyStepId: string)
    TaskAuditRevokeOutcome (outcome: enum)
     TaskAuditRevokeOutcomeOutcome (enum: REVOKE_OUTCOME_UNSPECIFIED, REVOKE_OUTCOME_REVOKED, REVOKE_OUTCOME_DENIED ...)
    TaskAuditSlaEscalation (message: string)
    TaskAuditStartedConnectorActions (policyStepId: string)
    TaskAuditStateChange (previousState: enum)
     PreviousState (enum: TASK_STATE_UNSPECIFIED, TASK_STATE_OPEN, TASK_STATE_CLOSED)
    TaskAuditStepSkipped (skippedBy: string)
    TaskAuditStepUpApproval (stepUpTransactionId: string)
    TaskAuditWaitForAnalysisStepSuccess (stepId: string, succeededAt: date-time)
    TaskAuditWaitForAnalysisStepTimedOut (stepId: string, timedOutAt: date-time)
    TaskAuditWaitForAnalysisStepWaiting (stepId: string)
    TaskAuditWaitStepSuccess (condition: string, stepId: string, succeededAt: date-time)
    TaskAuditWaitStepTimedOut (condition: string, stepId: string, timedOutAt: date-time)
    TaskAuditWaitStepUntilTime (stepId: string, untilTime: date-time)
    TaskAuditWaitStepWaiting (condition: string, stepId: string)
    TaskAuditWebhookApprovalAttempt (webhookId: string, webhookInstanceId: string, webhookName: string ...)
    TaskAuditWebhookApprovalBadResponse (error: string, webhookId: string, webhookInstanceId: string ...)
    TaskAuditWebhookApprovalFatalError (error: string, webhookId: string, webhookInstanceId: string ...)
    TaskAuditWebhookApprovalSuccess (webhookId: string, webhookInstanceId: string, webhookName: string ...)
    TaskAuditWebhookApprovalTriggered (webhookId: string, webhookInstanceId: string, webhookName: string ...)
    TaskAuditWebhookAttempt (webhookId: string, webhookInstanceId: string, webhookName: string ...)
    TaskAuditWebhookSuccess (webhookId: string, webhookInstanceId: string, webhookName: string ...)
    TaskAuditWebhookTriggered (webhookId: string, webhookInstanceId: string, webhookName: string ...)
    CurrentState (enum: TASK_STATE_UNSPECIFIED, TASK_STATE_OPEN, TASK_STATE_CLOSED)
    TaskAuditViewEventType (enum: TASK_AUDIT_EVENT_TYPE_UNSPECIFIED, TASK_AUDIT_EVENT_TYPE_NEUTRAL, TASK_AUDIT_EVENT_TYPE_ERROR)
    Source (enum: SOURCE_UNSPECIFIED, SOURCE_C1, SOURCE_JIRA ...)
Task (SDK empty)
TaskServiceCreateGrantRequest (TaskExpandMask: TaskExpandMask, TaskGrantSource: TaskGrantSource, appEntitlementId: string ...)
C1ApiTaskV1TaskServiceCreateGrantTaskResponse (ContentType: string, StatusCode: int32, RawResponse: response ...)
 TaskServiceCreateGrantResponse (TaskView: TaskView, expanded: array)
   TaskServiceCreateGrantResponseExpanded (@type: string, AdditionalProperties: map)
TaskServiceCreateOffboardingRequest (TaskExpandMask: TaskExpandMask, description: string, subjectUserId: string)
C1ApiTaskV1TaskServiceCreateOffboardingTaskResponse (ContentType: string, StatusCode: int32, RawResponse: response ...)
 TaskServiceCreateOffboardingResponse (TaskView: TaskView, expanded: array)
   TaskServiceCreateOffboardingResponseExpanded (@type: string, AdditionalProperties: map)
TaskServiceCreateRevokeRequest (TaskExpandMask: TaskExpandMask, appEntitlementId: string, appId: string ...)
C1ApiTaskV1TaskServiceCreateRevokeTaskResponse (ContentType: string, StatusCode: int32, RawResponse: response ...)
 TaskServiceCreateRevokeResponse (TaskView: TaskView, expanded: array)
   TaskServiceCreateRevokeResponseExpanded (@type: string, AdditionalProperties: map)
C1ApiTaskV1TaskServiceGetRequest (id: string)
C1ApiTaskV1TaskServiceGetResponse (ContentType: string, StatusCode: int32, RawResponse: response ...)
 TaskServiceGetResponse (TaskView: TaskView, expanded: array)
   TaskServiceGetResponseExpanded (@type: string, AdditionalProperties: map)
TaskActions (SDK empty)
C1ApiTaskV1TaskActionsServiceApproveRequest (TaskActionsServiceApproveRequest: TaskActionsServiceApproveRequest, task_id: string)
 TaskActionsServiceApproveRequest (TaskExpandMask: TaskExpandMask, comment: string, policyStepId: string)
C1ApiTaskV1TaskActionsServiceApproveResponse (ContentType: string, StatusCode: int32, RawResponse: response ...)
 TaskActionsServiceApproveResponse (TaskView: TaskView, expanded: array, ticketActionId: string)
   TaskActionsServiceApproveResponseExpanded (@type: string, AdditionalProperties: map)
C1ApiTaskV1TaskActionsServiceApproveWithStepUpRequest (TaskActionsServiceApproveWithStepUpRequest: TaskActionsServiceApproveWithStepUpRequest, task_id: string)
 TaskActionsServiceApproveWithStepUpRequest (TaskExpandMask: TaskExpandMask, comment: string, policyStepId: string ...)
C1ApiTaskV1TaskActionsServiceApproveWithStepUpResponse (ContentType: string, StatusCode: int32, RawResponse: response ...)
 TaskActionsServiceApproveWithStepUpResponse (TaskView: TaskView, expanded: array, redirectUrl: string ...)
   TaskActionsServiceApproveWithStepUpResponseExpanded (@type: string, AdditionalProperties: map)
C1ApiTaskV1TaskActionsServiceCloseRequest (TaskActionsServiceCloseRequest: TaskActionsServiceCloseRequest, task_id: string)
 TaskActionsServiceCloseRequest (TaskExpandMask: TaskExpandMask, comment: string)
C1ApiTaskV1TaskActionsServiceCloseResponse (ContentType: string, StatusCode: int32, RawResponse: response ...)
 TaskActionsServiceCloseResponse (TaskView: TaskView, expanded: array, taskActionId: string)
   TaskActionsServiceCloseResponseExpanded (@type: string, AdditionalProperties: map)
C1ApiTaskV1TaskActionsServiceCommentRequest (TaskActionsServiceCommentRequest: TaskActionsServiceCommentRequest, task_id: string)
 TaskActionsServiceCommentRequest (TaskExpandMask: TaskExpandMask, comment: string)
C1ApiTaskV1TaskActionsServiceCommentResponse (ContentType: string, StatusCode: int32, RawResponse: response ...)
 TaskActionsServiceCommentResponse (TaskView: TaskView, expanded: array)
   TaskActionsServiceCommentResponseExpanded (@type: string, AdditionalProperties: map)
C1ApiTaskV1TaskActionsServiceDenyRequest (TaskActionsServiceDenyRequest: TaskActionsServiceDenyRequest, task_id: string)
 TaskActionsServiceDenyRequest (TaskExpandMask: TaskExpandMask, comment: string, policyStepId: string)
C1ApiTaskV1TaskActionsServiceDenyResponse (ContentType: string, StatusCode: int32, RawResponse: response ...)
 TaskActionsServiceDenyResponse (TaskView: TaskView, expanded: array, ticketActionId: string)
   TaskActionsServiceDenyResponseExpanded (@type: string, AdditionalProperties: map)
C1ApiTaskV1TaskActionsServiceEscalateToEmergencyAccessRequest (TaskActionsServiceEscalateToEmergencyAccessRequest: TaskActionsServiceEscalateToEmergencyAccessRequest, task_id: string)
 TaskActionsServiceEscalateToEmergencyAccessRequest (TaskExpandMask: TaskExpandMask, comment: string, policyStepId: string)
C1ApiTaskV1TaskActionsServiceEscalateToEmergencyAccessResponse (ContentType: string, StatusCode: int32, RawResponse: response ...)
 TaskServiceActionResponse (TaskView: TaskView, expanded: array, ticketActionId: string)
   TaskServiceActionResponseExpanded (@type: string, AdditionalProperties: map)
C1ApiTaskV1TaskActionsServiceHardResetRequest (TaskActionsServiceHardResetRequest: TaskActionsServiceHardResetRequest, task_id: string)
 TaskActionsServiceHardResetRequest (TaskExpandMask: TaskExpandMask, comment: string)
C1ApiTaskV1TaskActionsServiceHardResetResponse (ContentType: string, StatusCode: int32, RawResponse: response ...)
 TaskActionsServiceHardResetResponse (TaskView: TaskView, expanded: array, ticketActionId: string)
   TaskActionsServiceHardResetResponseExpanded (@type: string, AdditionalProperties: map)
C1ApiTaskV1TaskActionsServiceProcessNowRequest (TaskActionsServiceProcessNowRequest: TaskActionsServiceProcessNowRequest, task_id: string)
 TaskActionsServiceProcessNowRequest (TaskExpandMask: TaskExpandMask)
C1ApiTaskV1TaskActionsServiceProcessNowResponse (ContentType: string, StatusCode: int32, RawResponse: response ...)
 TaskActionsServiceProcessNowResponse (TaskView: TaskView, expanded: array)
   TaskActionsServiceProcessNowResponseExpanded (@type: string, AdditionalProperties: map)
C1ApiTaskV1TaskActionsServiceReassignRequest (TaskActionsServiceReassignRequest: TaskActionsServiceReassignRequest, task_id: string)
 TaskActionsServiceReassignRequest (TaskExpandMask: TaskExpandMask, comment: string, newStepUserIds: array ...)
C1ApiTaskV1TaskActionsServiceReassignResponse (ContentType: string, StatusCode: int32, RawResponse: response ...)
 TaskActionsServiceReassignResponse (TaskView: TaskView, expanded: array, ticketActionId: string)
   TaskActionsServiceReassignResponseExpanded (@type: string, AdditionalProperties: map)
C1ApiTaskV1TaskActionsServiceRestartRequest (TaskActionsServiceRestartRequest: TaskActionsServiceRestartRequest, task_id: string)
 TaskActionsServiceRestartRequest (TaskExpandMask: TaskExpandMask, comment: string, policyStepId: string)
C1ApiTaskV1TaskActionsServiceRestartResponse (ContentType: string, StatusCode: int32, RawResponse: response ...)
 TaskActionsServiceRestartResponse (TaskView: TaskView, expanded: array, ticketActionId: string)
   TaskActionsServiceRestartResponseExpanded (@type: string, AdditionalProperties: map)
C1ApiTaskV1TaskActionsServiceSkipStepRequest (TaskActionsServiceSkipStepRequest: TaskActionsServiceSkipStepRequest, task_id: string)
 TaskActionsServiceSkipStepRequest (TaskExpandMask: TaskExpandMask, comment: string, policyStepId: string)
C1ApiTaskV1TaskActionsServiceSkipStepResponse (ContentType: string, StatusCode: int32, RawResponse: response ...)
C1ApiTaskV1TaskActionsServiceUpdateGrantDurationRequest (TaskActionsServiceUpdateGrantDurationRequest: TaskActionsServiceUpdateGrantDurationRequest, task_id: string)
 TaskActionsServiceUpdateGrantDurationRequest (TaskExpandMask: TaskExpandMask, duration: string)
C1ApiTaskV1TaskActionsServiceUpdateGrantDurationResponse (ContentType: string, StatusCode: int32, RawResponse: response ...)
C1ApiTaskV1TaskActionsServiceUpdateRequestDataRequest (TaskActionsServiceUpdateRequestDataRequest: TaskActionsServiceUpdateRequestDataRequest, task_id: string)
 TaskActionsServiceUpdateRequestDataRequest (TaskExpandMask: TaskExpandMask, data: map)
C1ApiTaskV1TaskActionsServiceUpdateRequestDataResponse (ContentType: string, StatusCode: int32, RawResponse: response ...)
User (SDK empty)
C1ApiUserV1UserServiceGetRequest (id: string)
C1ApiUserV1UserServiceGetResponse (ContentType: string, StatusCode: int32, RawResponse: response ...)
 UserServiceGetResponse (UserView: UserView, expanded: array)
   UserServiceGetResponseExpanded (@type: string, AdditionalProperties: map)
C1ApiUserV1UserServiceGetUserProfileTypesRequest (user_id: string)
C1ApiUserV1UserServiceGetUserProfileTypesResponse (ContentType: string, GetUserProfileTypesResponse: GetUserProfileTypesResponse, StatusCode: int32 ...)
 GetUserProfileTypesResponse (profileTypes: array)
   ProfileType (description: string, iconUrl: string, id: string ...)
C1ApiUserV1UserServiceListRequest (page_size: int32, page_token: string)
C1ApiUserV1UserServiceListResponse (ContentType: string, StatusCode: int32, RawResponse: response ...)
 UserServiceListResponse (expanded: array, list: array, nextPageToken: string)
   UserServiceListResponseExpanded (@type: string, AdditionalProperties: map)
C1ApiUserV1UserServiceSetExpiringUserDelegationBindingByAdminRequest (SetExpiringUserDelegationBindingByAdminRequest: SetExpiringUserDelegationBindingByAdminRequest, user_id: string)
 SetExpiringUserDelegationBindingByAdminRequest (delegatedUserId: string, delegationExpireAt: date-time, delegationStartAt: date-time)
C1ApiUserV1UserServiceSetExpiringUserDelegationBindingByAdminResponse (ContentType: string, SetExpiringUserDelegationBindingByAdminResponse: SetExpiringUserDelegationBindingByAdminResponse, StatusCode: int32 ...)
 SetExpiringUserDelegationBindingByAdminResponse (ExpiringUserDelegationBinding: ExpiringUserDelegationBinding)
  ExpiringUserDelegationBinding (createdAt: date-time, delegatedUserId: string, deletedAt: date-time ...)
Webhooks (SDK empty)
WebhooksServiceCreateRequest (description: string, displayName: string, url: string)
C1ApiWebhooksV1WebhooksServiceCreateResponse (ContentType: string, StatusCode: int32, RawResponse: response ...)
 WebhooksServiceCreateResponse (Webhook: Webhook1)
C1ApiWebhooksV1WebhooksServiceDeleteRequest (WebhooksServiceDeleteRequest: WebhooksServiceDeleteRequest, id: string)
 WebhooksServiceDeleteRequest (empty)
C1ApiWebhooksV1WebhooksServiceDeleteResponse (ContentType: string, StatusCode: int32, RawResponse: response ...)
 WebhooksServiceDeleteResponse (empty)
C1ApiWebhooksV1WebhooksServiceGetRequest (id: string)
C1ApiWebhooksV1WebhooksServiceGetResponse (ContentType: string, StatusCode: int32, RawResponse: response ...)
 WebhooksServiceGetResponse (Webhook: Webhook1)
C1ApiWebhooksV1WebhooksServiceListRequest (page_size: int32, page_token: string)
C1ApiWebhooksV1WebhooksServiceListResponse (ContentType: string, StatusCode: int32, RawResponse: response ...)
 WebhooksServiceListResponse (list: array, nextPageToken: string)
C1ApiWebhooksV1WebhooksServiceTestRequest (WebhooksServiceTestRequest: WebhooksServiceTestRequest, id: string)
 WebhooksServiceTestRequest (empty)
C1ApiWebhooksV1WebhooksServiceTestResponse (ContentType: string, StatusCode: int32, RawResponse: response ...)
 WebhooksServiceTestResponse (WebhookInstance: WebhookInstance)
  WebhookInstance (WebhookSource: WebhookSource, WebhookSpec: WebhookSpec, attempts: int32 ...)
   WebhookSource (WebhookSourceApprovalStep: WebhookSourceApprovalStep, WebhookSourcePolicyPostAction: WebhookSourcePolicyPostAction, WebhookSourceProvisionStep: WebhookSourceProvisionStep ...)
    WebhookSourceApprovalStep (ticketId: string)
    WebhookSourcePolicyPostAction (ticketId: string)
    WebhookSourceProvisionStep (ticketId: string)
    WebhookSourceTest (empty)
    WebhookSourceWorkflowStep (workflowExecutionId: integer, workflowStepId: string)
   WebhookSpec (destination: string)
   WebhookInstanceState (enum: WEBHOOK_STATE_UNSPECIFIED, WEBHOOK_STATE_PENDING, WEBHOOK_STATE_RUNNING ...)
C1ApiWebhooksV1WebhooksServiceUpdateRequest (WebhooksServiceUpdateRequest: WebhooksServiceUpdateRequest, id: string)
 WebhooksServiceUpdateRequest (Webhook: Webhook_input, updateMask: string)
  WebhookInput (description: string, displayName: string, id: string ...)
C1ApiWebhooksV1WebhooksServiceUpdateResponse (ContentType: string, StatusCode: int32, RawResponse: response ...)
 WebhooksServiceUpdateResponse (Webhook: Webhook1)
Body (callbackUrl: string, event: string, payload: class ...)
 Payload (@type: string, AdditionalProperties: map)
PayloadPolicyApprovalStep (TaskView: TaskView, expanded: array)
  PayloadPolicyApprovalStepExpanded (@type: string, AdditionalProperties: map)
PayloadPolicyPostAction (TaskView: TaskView, expanded: array)
  PayloadPolicyPostActionExpanded (@type: string, AdditionalProperties: map)
PayloadProvisionStep (TaskView: TaskView, expanded: array)
  PayloadProvisionStepExpanded (@type: string, AdditionalProperties: map)
PayloadTest (empty)
PayloadWorkflowStep (context: map, workflowExecutionId: integer, workflowExecutionStepId: string ...)
ResponsePolicyApprovalStep (ResponsePolicyApprovalReplacePolicy: ResponsePolicyApprovalReplacePolicy, ResponsePolicyApprovalStepApprove: ResponsePolicyApprovalStepApprove, ResponsePolicyApprovalStepDeny: ResponsePolicyApprovalStepDeny ...)
 ResponsePolicyApprovalReplacePolicy (comment: string, policySteps: array)
 ResponsePolicyApprovalStepApprove (comment: string)
 ResponsePolicyApprovalStepDeny (comment: string)
 ResponsePolicyApprovalStepReassign (comment: string, newStepUserIds: array)
ResponsePolicyPostAction (version: string)
ResponseProvisionStep (ResponseProvisionStepComplete: ResponseProvisionStepComplete, ResponseProvisionStepErrored: ResponseProvisionStepErrored, version: string)
 ResponseProvisionStepComplete (comment: string)
 ResponseProvisionStepErrored (comment: string)
ResponseTest (version: string)
ResponseWorkflowStep (context: map, version: string)

